user_id,days_since_last_purchase,num_orders,total_revenue,churn
1,108,1,5798.4,1
3,42,1,20150.1,1
4,107,2,17721.9,1
5,7,2,9969.85,0
7,102,1,1149.6,1
8,103,1,6667.4,1
9,113,1,3467.2,1
11,100,1,4780.8,1
12,2,8,58253.7,0
13,103,1,180817.95,1
15,153,2,10588.3,1
16,98,2,25876.5,1
17,29,2,71532.0,0
18,76,2,23168.699999999997,1
19,104,3,38740.45,1
21,86,1,6205.4,1
24,49,3,69122.75,1
26,1,4,12026.7,0
28,87,4,27420.8,1
30,55,1,604.8,1
31,77,1,40179.0,1
33,89,1,1483.2,1
34,60,1,513.4,1
39,107,1,91216.05,1
42,167,1,45059.4,1
43,174,1,501.0,1
47,103,1,11332.8,1
48,104,1,2718.0,1
49,70,1,863.55,1
51,13,9,150635.0,0
53,176,1,13511.85,1
54,91,3,50354.55,1
55,31,2,215629.19999999998,1
56,34,3,19749.4,1
57,17,1,6809.6,0
59,103,2,38761.5,1
60,103,1,1391.4,1
62,18,6,34091.25,0
63,108,1,4104.0,1
64,45,1,6892.2,1
65,32,4,69825.5,1
66,82,1,435.1,1
67,106,1,14862.0,1
68,112,2,62579.6,1
71,31,3,130975.34999999999,1
72,154,1,60210.6,1
73,106,1,6922.8,1
74,75,4,123124.6,1
76,69,1,1800.0,1
77,105,3,20798.8,1
78,4,1,4618.9,0
79,76,2,6881.599999999999,1
81,28,5,83723.9,0
83,119,1,807.5,1
84,90,2,1630.3000000000002,1
85,6,4,10871.0,0
87,135,1,8257.4,1
89,21,4,34529.2,0
90,45,3,14954.15,1
91,31,4,7983.25,1
92,105,2,33107.85,1
93,162,2,56754.0,1
94,23,4,28064.100000000002,0
96,32,2,7773.3,1
98,106,1,32957.4,1
100,43,2,248677.5,1
102,21,1,2786.4,0
103,103,1,160642.8,1
105,70,2,8080.900000000001,1
106,155,2,90251.3,1
107,96,1,6425.6,1
108,70,3,30226.300000000003,1
109,35,6,59370.95,1
110,55,1,17133.6,1
112,155,1,133577.1,1
113,25,3,118407.45,0
116,11,3,22264.0,0
118,15,1,1654.95,0
119,103,1,9768.0,1
121,69,1,151567.2,1
123,7,8,60058.45,0
124,110,1,3288.0,1
125,20,2,18621.7,0
126,29,1,95646.0,0
127,92,3,10023.3,1
128,86,3,79735.4,1
129,12,2,7026.65,0
130,176,1,6099.3,1
131,20,4,10350.7,0
132,67,3,225490.25,1
133,76,3,36331.7,1
134,17,7,37917.95,0
135,45,2,7755.400000000001,1
136,105,2,18404.7,1
137,5,8,265641.35,0
138,80,6,111789.25,1
139,75,3,277694.65,1
141,49,4,200050.0,1
142,106,2,14574.5,1
143,31,3,12950.4,1
144,105,1,7859.2,1
146,59,2,16944.0,1
147,105,2,25063.0,1
148,90,1,5995.45,1
149,12,1,134162.8,0
150,73,2,4433.15,1
151,66,1,32763.2,1
152,104,1,2223.0,1
154,100,2,7777.8,1
155,4,3,23028.15,0
158,6,6,180506.65,0
159,105,3,12295.1,1
160,161,1,3528.3,1
162,104,3,45199.799999999996,1
164,95,3,156746.6,1
167,15,11,41026.55,0
168,43,2,23530.5,1
169,10,3,104839.9,0
170,59,1,1662.5,1
171,24,4,18255.85,0
172,57,2,4244.1,1
173,14,1,8976.0,0
174,11,4,15700.599999999999,0
175,26,6,100276.0,0
177,35,1,2840.4,1
178,30,5,34569.45,0
179,102,2,5236.85,1
180,107,1,1472.0,1
181,6,4,112013.70000000001,0
182,39,6,63055.7,1
184,143,3,2385.65,1
187,43,3,11383.85,1
188,41,3,52602.0,1
192,39,5,173883.34999999998,1
193,9,2,84154.8,0
195,5,1,1640.0,0
196,105,1,21971.6,1
197,56,1,3529.2,1
198,6,2,69662.9,0
199,83,3,12392.699999999999,1
200,107,1,45781.6,1
201,32,1,999.4,1
203,98,1,39405.15,1
204,78,2,48658.7,1
205,63,2,14738.550000000001,1
206,82,4,92939.1,1
207,12,2,128375.15000000001,0
209,85,2,11533.0,1
210,63,1,14067.0,1
211,104,2,27086.1,1
213,21,1,5376.6,0
214,110,1,20317.65,1
216,27,2,34393.8,0
217,141,1,8364.0,1
219,44,2,41370.0,1
221,150,1,1746.1,1
223,69,1,112835.3,1
224,150,2,10303.2,1
225,165,1,25929.3,1
226,6,6,57527.05,0
227,62,3,69904.35,1
229,6,3,68070.6,0
233,50,1,8384.8,1
234,76,1,60374.4,1
235,96,1,4300.65,1
236,61,5,174492.35,1
238,82,1,412.2,1
240,18,7,26876.3,0
241,8,5,35388.7,0
242,87,2,19767.6,1
244,9,3,135825.44999999998,0
245,112,1,2282.25,1
246,29,2,190113.65000000002,0
247,26,1,2612.8,0
248,50,3,24268.2,1
250,102,1,1532.8,1
251,103,2,19368.6,1
253,4,1,593.0,0
254,39,2,11426.8,1
255,81,2,42860.5,1
256,47,3,6694.8,1
257,95,1,2918.4,1
258,127,1,161812.8,1
259,37,2,10212.349999999999,1
260,86,3,146064.1,1
261,86,3,305113.8,1
262,127,1,1020.6,1
263,151,1,3896.9,1
264,105,6,24391.0,1
265,112,1,23302.0,1
266,13,3,12891.900000000001,0
267,41,4,192857.4,1
268,17,2,881.6,0
269,134,1,6691.8,1
270,14,6,66857.55,0
271,23,9,406449.85000000003,0
272,22,5,100029.79999999999,0
273,103,1,22014.15,1
274,23,1,8461.6,0
275,107,1,4060.3,1
276,26,6,141545.95,0
277,36,1,1550.4,1
278,77,2,12140.3,1
281,77,3,12677.1,1
282,84,3,73222.9,1
286,123,1,110575.8,1
288,67,1,1272.05,1
290,69,1,1827.5,1
291,119,3,64111.950000000004,1
293,133,2,12015.15,1
295,20,1,7388.2,0
296,44,1,1033.6,1
297,82,3,16113.3,1
298,130,1,131962.6,1
300,10,3,159810.25,0
302,102,2,3492.0,1
303,135,2,8350.8,1
304,32,1,2760.7,1
305,39,4,146128.2,1
307,104,2,13424.4,1
308,23,2,17878.5,0
310,129,1,71427.6,1
311,71,2,16193.7,1
312,105,1,161812.8,1
314,33,1,3683.9,1
315,11,4,10014.3,0
316,49,1,1493.0,1
317,41,2,11424.45,1
318,67,1,692.8,1
320,69,1,50309.0,1
321,154,1,1341.4,1
322,95,1,6691.8,1
323,104,3,79835.2,1
324,72,1,12818.0,1
325,50,4,26081.3,1
326,69,1,3650.85,1
328,146,2,210460.8,1
329,103,2,17042.7,1
330,27,2,7824.6,0
331,71,2,5894.4,1
332,103,2,11860.0,1
333,30,10,227848.7,0
335,14,5,75481.05,0
336,113,3,15964.2,1
338,32,8,272141.6,1
339,47,2,3172.6000000000004,1
340,40,1,2616.3,1
341,15,2,62532.0,0
342,20,7,179314.55,0
343,6,5,233646.3,0
344,54,1,980.4,1
346,132,1,9676.8,1
348,42,4,143278.15,1
349,94,3,11363.8,1
350,70,1,41062.65,1
351,6,5,106760.1,0
352,107,1,111261.6,1
353,103,1,26181.6,1
354,29,2,6181.9,0
355,12,3,184012.19999999998,0
356,47,2,5789.599999999999,1
357,54,1,12393.6,1
359,61,3,45278.85,1
360,94,2,2918.8,1
361,110,1,35311.2,1
362,93,1,12056.0,1
363,31,4,139965.15,1
365,104,1,24144.25,1
366,100,1,599.25,1
368,60,6,40345.7,1
369,7,8,129783.50000000001,0
370,30,2,225173.4,0
371,5,3,85210.59999999999,0
372,105,1,12200.0,1
373,104,2,149008.4,1
374,89,2,17754.4,1
376,57,1,6380.0,1
379,4,7,278724.64999999997,0
380,28,1,14081.85,0
381,24,1,7276.5,0
383,25,1,1360.4,0
384,51,1,19987.2,1
385,44,2,26248.0,1
386,103,1,14172.9,1
387,49,3,16389.05,1
391,78,3,228094.65,1
393,61,3,10432.4,1
395,31,4,163023.35,1
396,1,4,358790.95,0
397,59,2,16872.5,1
399,42,2,36468.6,1
400,5,10,101914.4,0
401,57,3,35219.45,1
402,102,1,5976.0,1
403,93,1,2214.0,1
404,32,1,4768.8,1
405,120,1,24896.7,1
406,20,2,18581.5,0
407,52,1,3801.6,1
408,22,4,206837.8,0
410,142,1,13292.1,1
412,59,1,8919.9,1
413,113,2,8339.85,1
414,3,1,9019.2,0
415,29,7,95378.90000000001,0
416,105,1,116723.2,1
417,12,6,163052.7,0
418,36,1,65204.1,1
419,16,3,153015.15,0
422,178,1,800.85,1
424,47,1,2033.1,1
426,6,1,66524.0,0
427,117,2,162465.6,1
428,152,1,120009.0,1
432,92,1,265.2,1
433,33,2,39881.4,1
434,35,2,4638.45,1
435,102,1,4751.9,1
436,100,4,101519.20000000001,1
438,104,2,2394.0,1
439,176,1,60817.5,1
440,72,1,3136.5,1
441,26,2,118948.7,0
442,72,1,5671.2,1
443,31,1,8148.6,1
444,18,1,3802.05,0
445,163,1,984.0,1
446,8,4,18655.0,0
447,58,2,3706.0499999999997,1
449,115,1,2649.6,1
450,18,1,4970.7,0
451,75,3,13108.65,1
452,47,3,189818.85,1
453,5,5,84317.5,0
455,102,3,53695.1,1
456,51,1,781.15,1
457,57,2,5666.05,1
462,101,1,2566.0,1
463,89,1,1484.0,1
464,154,1,2730.3,1
465,114,1,5244.5,1
466,71,1,869.0,1
467,27,1,3411.45,0
468,106,1,142793.6,1
469,58,4,13659.099999999999,1
473,37,1,5788.8,1
474,10,8,116894.59999999999,0
476,73,5,16941.899999999998,1
477,14,3,58706.9,0
478,106,1,3662.25,1
479,152,1,6465.6,1
480,105,3,8542.75,1
481,60,5,158091.90000000002,1
483,29,3,15857.65,0
484,1,5,127502.24999999999,0
485,106,2,236319.0,1
486,19,7,218694.25000000003,0
487,73,1,1315.2,1
488,90,3,7297.6,1
489,34,8,134340.6,1
490,7,3,10867.7,0
492,22,1,21397.6,0
493,178,1,302.6,1
496,61,3,86084.40000000001,1
497,103,2,34980.0,1
499,53,3,15838.9,1
500,118,1,12488.2,1
501,154,2,13454.7,1
502,65,1,3780.05,1
503,174,1,27100.8,1
504,100,1,191454.3,1
505,8,7,25560.8,0
506,8,1,4297.8,0
507,158,1,15271.2,1
508,52,4,199741.80000000002,1
509,5,1,1473.0,0
510,102,1,99320.8,1
512,25,1,13254.4,0
515,71,2,10772.95,1
518,8,4,60363.6,0
520,174,1,5729.0,1
523,2,2,2850.5,0
525,6,2,171452.5,0
526,107,1,11164.8,1
527,16,3,81901.8,0
528,102,1,24089.6,1
529,7,6,32544.800000000003,0
531,12,5,193658.0,0
533,168,1,19248.3,1
534,105,2,10569.45,1
536,13,1,579.5,0
537,154,1,435.1,1
538,10,2,51795.0,0
539,106,2,18164.7,1
540,13,2,290132.0,0
542,1,7,258250.6,0
543,82,1,5473.9,1
544,79,2,39580.0,1
545,88,5,38290.85,1
547,33,4,6759.05,1
548,16,3,55446.65,0
550,32,1,4127.4,1
551,107,2,16373.3,1
555,42,3,7428.35,1
558,80,1,1666.0,1
559,119,2,6655.7,1
562,31,3,106997.8,1
563,106,2,6815.8,1
564,53,2,84748.05,1
567,65,2,15142.0,1
569,102,1,783.0,1
571,177,1,1912.5,1
572,102,1,2481.0,1
573,102,2,8248.05,1
576,79,2,28638.0,1
577,93,3,13859.25,1
578,38,2,13348.0,1
579,67,3,196778.15,1
582,24,1,16421.7,0
583,103,1,90873.9,1
584,59,1,4912.0,1
585,32,2,9402.8,1
586,112,1,2907.9,1
592,9,5,156459.8,0
593,25,2,18118.5,0
594,44,5,222905.9,1
596,40,3,138139.9,1
598,13,4,97425.1,0
600,29,3,8491.7,0
601,108,2,14489.15,1
603,103,3,10760.35,1
605,176,1,1252.05,1
606,73,4,25122.6,1
607,55,4,6167.799999999999,1
609,129,2,3772.55,1
610,9,9,116389.40000000001,0
611,50,6,117357.75,1
612,45,2,12119.4,1
617,27,2,15358.5,0
618,59,3,9475.45,1
619,24,4,109469.09999999999,0
620,96,1,1478.0,1
621,34,1,35007.0,1
623,136,1,1200.0,1
624,14,3,23102.8,0
626,84,1,1628.1,1
627,25,1,11340.15,0
628,141,1,21440.4,1
630,34,1,724.8,1
632,37,2,25954.949999999997,1
633,5,2,1967.2,0
634,102,1,73275.4,1
635,103,2,37206.0,1
636,67,1,226.0,1
638,12,2,9314.95,0
639,22,2,9994.8,0
640,162,1,3122.65,1
641,101,1,13938.0,1
645,106,1,1595.2,1
646,143,1,31998.85,1
647,78,1,19448.4,1
648,103,1,126156.15,1
649,6,1,92046.45,0
651,163,1,1983.0,1
652,18,3,32644.35,0
653,72,4,21454.1,1
654,8,1,6245.3,0
656,131,1,1721.6,1
657,45,1,9804.0,1
659,167,1,21269.55,1
661,151,1,2471.8,1
662,75,2,175533.3,1
663,75,2,3528.25,1
664,102,1,4200.0,1
665,102,3,23088.3,1
666,66,2,11116.9,1
667,121,2,62945.2,1
669,75,2,9182.5,1
670,169,2,7171.0,1
672,106,1,2730.3,1
674,7,2,12767.2,0
675,126,1,23199.9,1
678,9,2,4582.7,0
679,45,3,42371.4,1
680,53,1,10194.9,1
681,154,1,5473.9,1
685,26,1,8852.4,0
686,165,1,11068.45,1
687,44,3,31062.600000000002,1
689,37,1,7377.0,1
691,65,1,999.0,1
692,154,1,2228.0,1
694,33,3,103300.79999999999,1
695,108,2,14304.5,1
697,27,1,2108.85,0
698,22,5,129395.4,0
700,24,3,12094.75,0
701,29,3,8261.85,0
702,106,2,15773.4,1
703,50,1,6902.85,1
704,14,6,101326.09999999999,0
705,103,1,6194.4,1
706,5,3,226609.19999999998,0
707,49,1,128287.95,1
709,1,7,99429.95000000001,0
710,104,2,126049.09999999999,1
711,71,1,15317.1,1
712,91,1,2520.0,1
714,27,2,215313.44999999998,0
715,88,1,80954.25,1
716,106,1,12436.0,1
717,106,1,1564.2,1
718,67,2,26421.0,1
719,97,1,931.6,1
720,117,1,2999.0,1
721,5,4,29183.1,0
722,86,1,1423.2,1
723,95,3,73970.0,1
725,138,2,11569.1,1
727,49,2,9823.6,1
730,8,2,10520.599999999999,0
731,124,1,16963.2,1
733,142,1,13828.8,1
736,40,4,32132.9,1
737,44,1,4570.45,1
738,102,1,1330.2,1
739,30,4,30015.8,0
740,104,3,11890.0,1
744,74,3,130780.25,1
745,7,4,9867.849999999999,0
747,64,1,4990.4,1
749,57,2,117537.29999999999,1
750,103,2,6060.9,1
751,62,3,149690.99999999997,1
752,70,3,26519.2,1
753,101,1,4788.0,1
755,177,1,72423.0,1
756,3,2,10270.650000000001,0
758,106,2,20276.3,1
759,47,9,130961.7,1
760,64,1,25840.95,1
761,102,1,1317.65,1
762,102,2,70819.3,1
763,42,2,6066.4,1
765,5,1,2252.8,0
769,77,4,145027.55000000002,1
770,61,1,3720.8,1
772,62,3,119490.9,1
773,102,1,56258.4,1
775,61,2,16164.0,1
776,108,4,222025.30000000002,1
778,141,1,10703.2,1
781,102,2,5500.0,1
783,8,2,81501.0,0
784,178,1,72381.6,1
785,154,1,2988.0,1
787,42,3,175497.30000000002,1
788,105,1,18545.3,1
791,54,5,30696.899999999998,1
792,175,2,17109.5,1
794,53,2,164567.1,1
795,14,2,9476.599999999999,0
797,59,2,11092.900000000001,1
798,155,1,2164.1,1
799,107,1,199.8,1
800,71,1,4341.6,1
803,81,1,3296.0,1
804,173,1,231396.0,1
806,36,11,297623.5,1
807,106,1,4857.3,1
808,24,2,226742.59999999998,0
810,13,8,177156.25,0
811,102,2,142777.05,1
813,16,1,973.75,0
814,16,1,2064.0,0
815,101,3,6887.999999999999,1
818,74,5,30187.85,1
819,84,2,17904.0,1
821,57,5,16468.7,1
824,130,1,9054.0,1
825,102,4,31627.9,1
826,106,3,164048.4,1
828,83,4,161062.3,1
830,18,4,44677.4,0
831,46,2,1906.9499999999998,1
832,104,1,2945.6,1
833,117,2,22775.6,1
837,29,2,3075.4,0
838,158,1,14571.9,1
839,74,3,6112.0,1
840,150,1,1105.8,1
843,22,1,2816.0,0
844,72,6,25416.25,1
846,26,3,22099.25,0
847,104,2,45769.25,1
848,76,3,46316.4,1
851,97,1,2306.05,1
852,11,2,71901.3,0
857,55,4,304511.65,1
858,96,1,37530.0,1
859,18,3,260154.0,0
862,8,1,7805.7,0
863,97,2,11670.75,1
864,23,7,174681.65,0
866,106,1,4473.55,1
868,61,2,20369.0,1
869,33,1,5432.8,1
870,105,1,29350.5,1
871,107,1,2766.4,1
872,165,1,63012.6,1
873,121,1,48663.0,1
874,66,3,73075.7,1
875,9,1,6532.0,0
876,21,4,10707.7,0
878,107,1,85825.35,1
879,17,2,5216.45,0
880,9,2,204141.69999999998,0
881,138,1,2838.6,1
882,4,1,1224.0,0
883,131,1,1256.4,1
884,3,3,19237.8,0
888,43,2,9806.650000000001,1
889,17,4,14128.9,0
890,69,1,4104.0,1
891,135,2,70882.2,1
893,110,1,1589.6,1
898,15,2,13189.9,0
899,19,5,20192.9,0
901,166,1,2393.6,1
902,112,2,6365.95,1
904,63,1,3699.3,1
907,75,2,11252.75,1
909,97,1,919.8,1
911,41,1,572.8,1
912,27,4,36513.05,0
913,23,7,48466.05,0
914,58,1,3933.0,1
915,137,1,5596.8,1
916,148,1,12581.7,1
917,1,2,8456.5,0
918,2,3,30808.2,0
919,46,4,15223.75,1
920,40,1,9879.2,1
921,164,1,60020.2,1
924,145,2,13926.95,1
925,104,1,15080.0,1
929,12,4,11379.699999999999,0
931,10,3,60523.600000000006,0
934,105,1,21971.6,1
935,34,6,277368.85,1
936,7,6,128299.6,0
938,71,3,13743.8,1
939,167,1,4016.0,1
941,17,8,134331.80000000002,0
942,59,1,3720.8,1
944,74,2,30748.85,1
945,103,1,16674.0,1
946,62,4,32160.45,1
947,127,1,3312.45,1
948,67,1,14428.6,1
949,122,3,130647.2,1
950,87,1,9344.2,1
951,43,3,143756.69999999998,1
952,1,3,158750.6,0
953,41,1,237967.2,1
955,15,2,11169.4,0
956,115,2,3251.75,1
957,140,1,1348.8,1
958,80,2,24258.4,1
959,106,2,94309.2,1
961,23,1,736.1,0
962,4,2,6647.099999999999,0
964,66,1,630.0,1
965,64,2,42316.0,1
967,52,1,3451.35,1
968,104,2,22162.800000000003,1
969,104,2,8311.35,1
970,9,2,73749.55,0
972,34,4,20546.399999999998,1
973,5,1,3063.2,0
974,22,2,6138.4,0
975,82,1,817.6,1
976,2,8,207314.19999999998,0
977,85,1,7197.6,1
978,3,2,3099.2,0
979,66,5,194918.4,1
980,107,2,6610.2,1
981,119,1,37350.0,1
982,102,3,135613.7,1
983,113,3,10025.65,1
984,53,4,12400.0,1
985,10,4,87383.25,0
988,1,1,6454.9,0
989,42,5,26045.85,1
990,3,1,73099.2,0
991,40,1,5742.0,1
992,65,2,7727.65,1
993,52,7,123302.55,1
994,106,5,8981.0,1
995,34,3,27030.1,1
996,102,3,6180.7,1
997,61,2,37524.9,1
998,26,3,22002.0,0
1002,7,3,24883.2,0
1003,8,5,30101.35,0
1004,45,1,5714.55,1
1005,105,1,33838.5,1
1006,41,1,7236.0,1
1007,79,1,1959.0,1
1009,139,1,1532.8,1
1010,49,2,13459.300000000001,1
1012,28,4,30293.649999999998,0
1013,138,1,4185.6,1
1014,38,1,10216.3,1
1015,128,1,11311.2,1
1016,112,3,29625.8,1
1017,98,2,13142.5,1
1019,76,1,1325.7,1
1020,68,1,71550.0,1
1021,102,1,16507.2,1
1022,86,2,15964.5,1
1024,113,1,3629.5,1
1026,29,3,4296.15,0
1028,89,1,32143.2,1
1029,100,1,2873.0,1
1032,4,3,5257.0,0
1033,15,9,142842.95,0
1034,55,4,50999.299999999996,1
1035,74,3,11616.599999999999,1
1037,87,2,95302.45,1
1039,56,2,70550.7,1
1040,69,1,9302.0,1
1041,149,2,302977.8,1
1042,57,1,1226.4,1
1043,24,2,14168.8,0
1045,51,1,223.0,1
1046,51,3,13063.1,1
1047,104,1,2340.0,1
1048,19,6,67267.55,0
1050,33,2,9822.900000000001,1
1051,105,4,16300.599999999999,1
1053,60,6,53475.55,1
1054,119,1,2912.7,1
1056,29,2,11203.349999999999,0
1057,50,1,22485.6,1
1058,100,1,5596.2,1
1059,133,1,2959.2,1
1060,102,2,2158.5,1
1061,60,2,9258.5,1
1063,32,2,195660.5,1
1064,84,1,29815.2,1
1065,65,5,40050.85,1
1066,152,1,4688.0,1
1067,147,1,17454.4,1
1069,19,3,79784.6,0
1070,106,3,79653.8,1
1072,34,3,67583.8,1
1073,18,3,3088.0,0
1074,19,2,178360.35,0
1076,25,3,7046.950000000001,0
1078,136,2,2955.2,1
1079,120,1,6612.0,1
1080,6,4,45688.8,0
1081,30,1,1217.9,0
1082,14,5,69647.8,0
1084,176,1,240.0,1
1086,156,1,7658.0,1
1087,25,2,9388.7,0
1088,15,2,72528.3,0
1089,41,2,62740.2,1
1090,1,2,71026.4,0
1092,25,2,26734.8,0
1093,50,4,131942.25,1
1094,4,2,35142.5,0
1097,42,4,183702.9,1
1098,70,2,19019.0,1
1099,20,6,222374.55,0
1100,109,1,285798.0,1
1103,146,1,8019.0,1
1105,28,2,7318.0,0
1106,57,4,251358.80000000002,1
1107,106,2,6451.4,1
1109,1,2,3510.9,0
1110,118,1,5961.0,1
1111,2,4,16151.9,0
1112,102,1,1732.0,1
1113,41,5,26292.2,1
1114,93,2,63106.55,1
1116,165,1,591.2,1
1121,11,5,29596.4,0
1122,150,1,14223.0,1
1123,84,1,616.8,1
1124,69,1,27962.4,1
1126,106,3,91461.95,1
1127,29,2,93619.79999999999,0
1129,150,1,9804.0,1
1130,46,2,19845.35,1
1132,78,3,234317.5,1
1133,37,3,2544.25,1
1134,28,1,162858.6,0
1135,47,6,257673.6,1
1138,31,1,55502.8,1
1140,139,1,272.7,1
1141,37,4,53702.0,1
1142,180,1,4433.6,1
1143,83,3,16852.35,1
1145,31,1,1672.95,1
1147,23,5,20906.8,0
1148,24,3,16997.3,0
1149,47,2,24700.35,1
1150,79,2,79672.55,1
1153,53,1,27962.4,1
1154,3,4,464031.75,0
1155,1,3,39417.8,0
1156,60,2,10757.35,1
1157,105,2,4554.1,1
1158,45,3,41510.799999999996,1
1159,99,3,139540.9,1
1164,103,1,3753.6,1
1166,48,1,958.0,1
1168,77,3,211216.55,1
1169,122,1,4495.5,1
1170,98,1,1423.2,1
1172,52,3,14332.1,1
1174,47,1,1807.2,1
1175,164,1,114370.9,1
1177,48,2,67707.55,1
1179,103,2,30915.6,1
1183,27,2,40890.8,0
1184,9,1,22782.0,0
1186,88,2,307499.25,1
1187,40,3,223156.2,1
1188,105,1,3536.0,1
1189,90,2,6200.6,1
1190,57,2,17159.600000000002,1
1191,26,1,590.75,0
1192,26,8,29767.45,0
1193,103,3,17387.0,1
1196,81,1,6879.0,1
1197,49,1,2113.2,1
1200,21,1,2636.8,0
1201,49,1,10080.0,1
1203,104,2,3901.6,1
1204,23,3,15451.65,0
1210,32,3,83058.6,1
1211,62,3,17313.699999999997,1
1212,49,1,6702.0,1
1213,70,5,140561.55000000002,1
1216,165,1,2167.0,1
1217,30,1,4331.2,0
1218,104,1,2332.4,1
1223,27,3,22697.5,0
1224,139,1,1605.5,1
1225,80,2,1579.2,1
1226,83,2,25274.25,1
1227,63,2,180688.0,1
1229,104,2,13915.8,1
1230,104,1,241.6,1
1231,2,3,7398.450000000001,0
1233,60,4,35328.05,1
1234,52,3,44304.3,1
1236,129,2,9243.9,1
1237,55,1,196970.4,1
1238,104,1,6015.6,1
1239,102,1,1212.1,1
1240,158,1,928.8,1
1241,119,1,1622.0,1
1242,96,1,32395.2,1
1246,122,1,3974.4,1
1247,105,2,48862.7,1
1248,29,2,5288.4,0
1249,105,1,915.0,1
1251,141,1,2493.0,1
1252,81,1,6126.0,1
1254,104,3,10704.300000000001,1
1257,103,2,15701.199999999999,1
1258,38,3,23421.8,1
1259,112,3,17794.5,1
1260,94,2,16388.1,1
1262,7,2,6828.099999999999,0
1263,94,2,170884.15,1
1264,10,6,146778.0,0
1266,86,1,6969.6,1
1267,112,1,192261.0,1
1268,15,3,80483.6,0
1271,102,3,20042.0,1
1272,157,1,533.0,1
1273,62,1,872.0,1
1274,172,1,37350.0,1
1277,104,2,31756.7,1
1278,1,5,291414.2,0
1279,106,1,11541.6,1
1282,159,1,2252.8,1
1283,5,3,4122.15,0
1284,91,2,7192.7,1
1285,2,6,153574.2,0
1287,106,1,238.45,1
1288,107,1,425.0,1
1290,12,3,168007.7,0
1294,23,3,9998.75,0
1296,46,4,37833.5,1
1299,80,3,15461.6,1
1304,104,1,12262.95,1
1305,76,1,178.4,1
1307,148,2,269194.7,1
1309,7,9,59905.25,0
1310,31,1,3244.0,1
1311,11,7,87090.8,0
1313,46,3,120446.95,1
1316,105,1,32728.45,1
1318,164,1,1054.0,1
1319,52,2,8314.2,1
1321,32,2,8014.9,1
1322,175,1,2266.2,1
1323,30,1,87092.7,0
1325,30,1,1601.1,0
1326,91,4,99680.05,1
1328,8,2,5976.0,0
1329,32,1,652.5,1
1330,166,1,25318.1,1
1331,34,1,1782.4,1
1332,31,1,2304.8,1
1336,174,1,1002.6,1
1337,11,5,109775.4,0
1338,42,1,23244.6,1
1339,77,2,7168.45,1
1340,106,1,585.65,1
1341,35,1,5654.4,1
1342,25,4,307981.1,0
1343,16,1,1178.4,0
1345,79,1,15324.45,1
1346,22,10,199712.9,0
1347,8,5,47404.7,0
1348,126,1,195108.0,1
1350,105,2,7505.7,1
1351,43,5,50396.8,1
1353,38,3,7077.2,1
1354,67,5,32645.05,1
1355,34,2,30558.2,1
1356,101,1,24745.5,1
1357,105,1,2424.2,1
1358,21,1,552.9,0
1361,48,3,45123.05,1
1362,105,2,194645.55,1
1364,25,2,3461.55,0
1369,120,1,115356.6,1
1370,63,3,13071.1,1
1373,105,3,138933.8,1
1375,28,4,21461.3,0
1376,94,4,18315.8,1
1377,56,2,8740.099999999999,1
1378,105,2,12454.2,1
1382,5,2,19016.6,0
1384,80,1,1924.8,1
1385,18,2,9577.5,0
1386,42,1,3677.4,1
1387,55,3,19281.15,1
1388,68,1,758.0,1
1390,107,1,2970.0,1
1392,44,1,11237.85,1
1393,10,3,46297.649999999994,0
1394,15,2,13541.7,0
1395,83,1,1499.4,1
1396,33,2,6678.0,1
1397,21,1,12902.9,0
1398,36,2,13877.6,1
1399,126,1,5900.8,1
1400,1,2,6080.0,0
1401,36,3,6437.8,1
1402,11,2,230067.8,0
1403,76,1,2840.4,1
1407,141,1,14693.1,1
1409,158,1,3564.8,1
1410,63,2,9192.6,1
1411,103,2,9538.7,1
1412,10,4,8790.2,0
1413,1,2,114447.8,0
1414,160,1,12262.4,1
1415,109,2,18050.0,1
1416,61,2,16121.0,1
1418,71,2,4721.1,1
1420,162,1,27817.95,1
1421,98,2,1978.6,1
1423,14,3,185315.1,0
1424,13,4,115694.65,0
1425,87,1,3556.8,1
1428,23,2,7563.6,0
1429,115,1,2757.0,1
1431,8,1,1022.2,0
1432,3,6,169749.85,0
1433,92,1,2816.0,1
1434,24,1,144763.2,0
1435,36,1,204.0,1
1436,103,1,1505.75,1
1437,54,3,9621.8,1
1438,24,3,189360.0,0
1439,15,10,258794.9,0
1440,30,1,18865.8,0
1441,30,1,11461.5,0
1444,6,2,2822.6,0
1447,85,1,3330.0,1
1448,125,2,1794.0,1
1449,110,1,2119.5,1
1451,100,2,16882.399999999998,1
1452,9,3,9466.2,0
1453,152,1,8024.0,1
1454,74,2,157525.2,1
1455,20,1,1683.2,0
1456,102,1,3611.9,1
1457,6,2,12659.0,0
1458,43,3,11157.4,1
1463,53,4,60190.7,1
1465,103,4,29181.4,1
1467,104,1,12418.5,1
1469,22,5,17901.0,0
1470,20,1,5160.0,0
1471,73,2,16313.699999999999,1
1472,71,2,5073.2,1
1473,173,1,3777.0,1
1478,22,2,133066.75,0
1480,9,1,100971.0,0
1481,167,2,9909.550000000001,1
1482,102,1,8538.6,1
1484,64,1,175272.0,1
1485,172,1,10340.25,1
1486,59,3,7652.4,1
1487,7,2,19993.4,0
1489,77,2,49909.4,1
1491,25,6,187239.05,0
1493,119,1,704.0,1
1494,3,1,4788.0,0
1495,102,1,4768.8,1
1496,8,2,16216.4,0
1497,19,2,5275.2,0
1498,43,4,39397.25,1
1499,86,1,3485.0,1
1502,95,1,5200.8,1
1503,65,4,18718.15,1
1504,7,4,27972.5,0
1505,104,1,794.2,1
1506,153,1,2801.6,1
1507,22,3,9416.7,0
1508,43,1,2104.6,1
1509,124,2,6956.1,1
1510,59,4,19130.35,1
1513,126,1,274122.0,1
1515,161,1,31187.55,1
1516,15,5,109928.7,0
1517,11,3,44195.45,0
1518,160,1,37530.0,1
1520,49,2,232973.1,1
1521,131,1,6877.05,1
1523,72,1,2999.0,1
1524,13,2,170305.95,0
1525,126,1,1767.0,1
1526,81,2,58940.05,1
1527,57,3,5358.749999999999,1
1528,105,1,29070.9,1
1529,1,4,3561.6,0
1530,102,1,5076.8,1
1532,105,1,12788.25,1
1534,90,1,1275.0,1
1535,69,4,13898.8,1
1536,72,4,232933.55,1
1537,58,3,153310.30000000002,1
1539,27,1,5013.9,0
1540,85,1,11990.9,1
1541,54,3,15095.849999999999,1
1542,141,3,183610.5,1
1546,57,3,8284.2,1
1547,92,1,7353.0,1
1548,58,1,968.4,1
1549,104,3,12430.1,1
1550,127,1,259814.55,1
1552,4,2,252841.69999999998,0
1553,13,1,3055.2,0
1554,5,3,9909.7,0
1555,156,1,7557.0,1
1556,98,1,15779.4,1
1557,38,2,9987.2,1
1558,102,2,6604.9,1
1560,14,12,539459.3,0
1561,86,2,21641.85,1
1562,102,2,33282.9,1
1563,19,2,7789.7,0
1564,20,5,16181.45,0
1566,103,2,10503.2,1
1567,59,1,121948.65,1
1571,107,1,15424.0,1
1574,8,5,40797.8,0
1575,174,1,787.5,1
1576,49,3,11048.15,1
1577,65,2,23524.949999999997,1
1578,9,1,4301.6,0
1579,176,1,183.6,1
1580,117,2,30278.4,1
1582,25,6,169710.35,0
1583,117,1,2800.0,1
1584,102,3,41010.3,1
1585,53,1,5424.7,1
1586,107,1,11572.8,1
1588,66,6,322749.1,1
1589,105,2,207732.30000000002,1
1591,107,2,1297.4,1
1592,21,1,14258.0,0
1594,88,1,551.2,1
1595,29,2,7418.8,0
1596,97,3,11370.5,1
1598,75,4,110034.59999999999,1
1599,47,1,1517.4,1
1600,104,2,90570.79999999999,1
1601,123,1,6592.0,1
1602,59,2,12095.8,1
1606,161,2,13867.2,1
1607,94,3,28324.2,1
1608,114,1,5364.35,1
1609,40,2,12077.7,1
1611,107,2,7586.3,1
1615,103,1,404.1,1
1617,6,4,33919.6,0
1618,60,2,27387.15,1
1619,32,1,67422.0,1
1620,27,7,195979.9,0
1621,104,2,7669.8,1
1622,59,3,26635.899999999998,1
1623,159,1,3852.0,1
1624,4,3,24760.05,0
1625,72,1,6245.3,1
1628,98,1,11280.3,1
1630,8,3,8537.75,0
1631,108,1,999.6,1
1632,149,1,65036.0,1
1638,6,2,11128.3,0
1640,57,2,30306.4,1
1641,46,1,160987.0,1
1642,46,4,18294.55,1
1643,82,1,9523.2,1
1644,24,5,16699.75,0
1645,148,2,61098.200000000004,1
1646,7,1,5375.1,0
1647,37,5,156103.95,1
1648,64,1,1288.8,1
1650,12,6,33625.85,0
1652,13,5,155657.45,0
1654,33,2,14756.0,1
1656,54,2,4260.1,1
1657,26,3,67350.6,0
1658,105,1,1083.75,1
1659,117,2,17614.5,1
1660,48,2,17878.7,1
1661,105,2,151901.2,1
1662,51,1,3519.0,1
1663,2,3,17363.15,0
1664,33,4,180486.55000000002,1
1665,107,1,291.0,1
1666,14,2,100034.84999999999,0
1667,169,1,2385.6,1
1668,7,3,13333.85,0
1669,19,1,2924.0,0
1670,135,3,26187.3,1
1673,106,1,739.5,1
1674,106,1,64376.0,1
1675,17,5,30268.85,0
1677,41,1,102462.0,1
1678,173,1,4199.0,1
1679,77,3,17823.8,1
1680,7,8,35822.75,0
1681,102,2,63715.899999999994,1
1682,109,3,64503.9,1
1684,74,1,2493.75,1
1686,103,3,135943.95,1
1688,3,4,22074.0,0
1691,25,1,273489.0,0
1692,53,1,5346.0,1
1693,104,3,20361.45,1
1694,150,1,71550.0,1
1695,103,3,8792.95,1
1696,67,2,153788.4,1
1697,175,1,5280.1,1
1698,19,3,132000.0,0
1703,3,2,5255.2,0
1704,30,10,300613.0,0
1705,24,1,6332.8,0
1706,14,3,12894.15,0
1708,29,4,34117.6,0
1709,37,5,36124.8,1
1710,51,3,18065.3,1
1713,140,1,4377.6,1
1714,96,4,7513.1,1
1716,18,2,4913.9,0
1717,104,2,5829.6,1
1719,48,2,7494.4,1
1721,38,2,66735.0,1
1723,100,1,34561.95,1
1724,5,3,10962.95,0
1726,15,1,3974.0,0
1727,152,1,782.1,1
1728,10,3,290977.35,0
1729,17,4,44754.35,0
1730,114,2,2334.6,1
1731,35,1,28606.4,1
1732,20,2,11401.35,0
1733,55,2,1163.45,1
1734,155,1,20718.0,1
1736,26,1,10812.0,0
1737,55,2,8061.9,1
1738,33,2,9629.1,1
1739,2,1,35829.0,0
1741,19,1,11801.85,0
1745,28,4,73973.5,0
1750,89,1,2207.7,1
1751,91,1,70550.0,1
1754,39,3,8733.9,1
1755,102,1,29775.6,1
1757,104,3,21396.8,1
1758,35,1,3364.0,1
1760,32,1,11464.8,1
1761,22,8,124610.4,0
1762,6,2,1268.45,0
1763,35,6,24988.2,1
1764,68,3,8992.0,1
1765,59,1,5246.85,1
1766,4,3,9556.2,0
1769,122,1,2432.0,1
1771,129,1,10864.8,1
1772,16,3,14599.2,0
1774,4,1,43830.0,0
1777,54,1,4740.45,1
1778,143,1,3301.2,1
1779,28,8,274972.3,0
1781,100,2,137675.4,1
1783,120,1,95587.1,1
1784,51,5,69743.9,1
1786,123,1,4341.6,1
1787,151,2,27886.2,1
1788,105,1,4944.0,1
1789,58,2,107716.0,1
1792,138,1,6411.0,1
1793,31,1,106438.4,1
1795,47,1,19636.2,1
1796,171,1,220.4,1
1797,83,1,357.0,1
1799,31,3,220385.6,1
1801,54,1,225.9,1
1803,23,4,214834.85,0
1805,45,3,17622.9,1
1806,132,1,58061.8,1
1807,40,2,22088.2,1
1808,67,1,50290.25,1
1810,19,2,15866.85,0
1811,22,4,63468.7,0
1812,51,2,51072.5,1
1814,109,2,49109.3,1
1815,104,1,5510.4,1
1816,169,1,3422.0,1
1817,84,2,20008.85,1
1819,104,1,1350.9,1
1820,170,1,591.6,1
1823,49,3,13723.4,1
1824,69,1,9151.95,1
1826,61,1,2637.6,1
1827,2,5,241126.35,0
1828,23,1,3746.8,0
1829,103,3,20946.8,1
1830,171,3,148655.15,1
1836,1,1,4389.4,0
1838,11,6,19557.55,0
1840,103,1,192443.4,1
1841,34,3,16811.05,1
1842,33,1,3996.0,1
1843,44,2,3394.2,1
1844,83,1,3213.6,1
1845,69,1,1482.0,1
1848,27,3,73806.9,0
1849,105,1,1105.2,1
1851,4,1,7740.0,0
1852,136,1,83864.1,1
1854,57,5,206570.44999999998,1
1855,19,2,52968.0,0
1857,61,5,567550.7,1
1858,37,3,371369.1,1
1859,80,2,2535.9,1
1860,37,2,130446.4,1
1861,139,1,913.75,1
1862,24,3,36734.3,0
1864,2,4,74976.34999999999,0
1865,20,2,61632.9,0
1867,48,2,81240.0,1
1868,174,1,3076.8,1
1869,105,1,1967.2,1
1870,102,2,5469.6,1
1871,169,1,40475.7,1
1873,106,1,5523.0,1
1874,131,1,143335.05,1
1875,30,4,25351.6,0
1876,75,2,10861.5,1
1877,99,1,17442.0,1
1879,103,1,1547.0,1
1880,46,1,1878.4,1
1884,155,1,8767.8,1
1885,129,1,6537.9,1
1886,46,1,1644.0,1
1887,47,7,42628.35,1
1888,87,1,1827.2,1
1889,29,4,33117.25,0
1890,96,3,27161.399999999998,1
1893,93,2,64206.299999999996,1
1895,107,3,18087.15,1
1896,122,1,13608.0,1
1899,65,1,7948.8,1
1903,85,3,30315.800000000003,1
1904,10,6,65616.0,0
1906,48,2,73821.3,1
1907,9,1,28557.9,0
1910,65,2,13284.05,1
1912,38,1,7044.0,1
1913,20,3,4869.0,0
1914,113,1,9519.3,1
1916,107,1,6919.0,1
1917,45,6,92378.59999999999,1
1918,73,3,13507.95,1
1919,59,7,111724.95,1
1921,27,3,295067.45,0
1923,33,1,2798.7,1
1924,5,7,20186.05,0
1925,171,1,3910.0,1
1926,28,2,15932.85,0
1927,63,1,11307.0,1
1930,57,2,74137.2,1
1931,84,2,45062.55,1
1932,50,7,195501.7,1
1933,105,2,5859.4,1
1934,105,1,549.0,1
1935,101,1,7686.0,1
1937,28,5,97530.1,0
1938,50,4,9059.800000000001,1
1942,2,2,6724.0,0
1943,3,2,7307.6,0
1944,101,1,7743.0,1
1945,12,2,25379.6,0
1946,36,2,20809.25,1
1947,112,1,958.0,1
1950,84,3,15733.6,1
1951,159,1,1518.1,1
1953,161,1,15840.3,1
1954,143,2,14266.1,1
1956,21,1,1333.8,0
1957,6,5,17252.3,0
1959,94,1,3929.6,1
1960,71,2,4424.25,1
1962,88,2,69027.79999999999,1
1963,107,1,4902.0,1
1964,61,2,6332.0,1
1965,57,1,6777.0,1
1966,138,1,26298.0,1
1967,68,7,237663.25,1
1968,106,2,3435.2,1
1970,106,2,106269.29999999999,1
1971,19,1,711.55,0
1973,13,10,452562.44999999995,0
1974,55,2,219381.6,1
1975,82,1,12476.0,1
1977,29,1,3961.6,0
1978,139,1,5530.0,1
1979,45,1,12139.7,1
1982,12,3,5798.9,0
1983,34,2,3943.6,1
1984,67,2,14541.5,1
1985,44,2,223367.25,1
1986,141,2,9113.4,1
1987,107,1,4043.2,1
1988,42,4,185268.44999999998,1
1989,64,1,885.6,1
1991,155,3,22649.1,1
1992,12,6,115025.35,0
1995,20,3,77558.4,0
1997,103,2,7491.049999999999,1
2000,11,1,9354.65,0
2001,136,1,16953.6,1
2002,103,2,15506.4,1
2003,141,1,3254.65,1
2005,5,6,56349.75,0
2006,49,2,8102.25,1
2008,104,1,7658.0,1
2009,133,1,105021.0,1
2010,88,1,1077.0,1
2011,106,2,216825.6,1
2013,52,4,78965.75,1
2014,11,3,215530.30000000002,0
2015,135,1,399.6,1
2016,27,2,43646.65,0
2017,138,1,1112.0,1
2018,72,3,19494.0,1
2019,100,2,27206.0,1
2022,33,1,146430.0,1
2023,133,1,9221.0,1
2025,19,1,5602.0,0
2028,71,7,67101.0,1
2029,81,1,6400.8,1
2030,120,1,408.8,1
2031,150,1,25092.0,1
2034,39,1,2958.0,1
2035,103,2,13207.05,1
2036,83,1,13946.4,1
2037,165,1,6856.1,1
2038,5,1,23041.3,0
2040,18,6,185403.7,0
2041,102,1,251.0,1
2042,2,10,124246.7,0
2045,126,2,5351.1,1
2046,32,2,28408.8,1
2047,103,2,19283.4,1
2048,127,2,77186.3,1
2049,64,3,97139.8,1
2050,64,3,108588.6,1
2051,88,1,8283.6,1
2052,133,1,1055.7,1
2053,80,2,66187.0,1
2055,103,1,177651.9,1
2056,107,2,35829.7,1
2057,152,1,9344.2,1
2058,106,2,21977.7,1
2060,126,2,102194.4,1
2061,166,1,1771.2,1
2062,42,6,82458.25,1
2063,43,4,305325.30000000005,1
2064,1,1,3677.4,0
2065,9,2,20252.4,0
2073,57,3,16154.2,1
2074,54,3,191598.94999999998,1
2075,145,1,4056.0,1
2076,24,1,1175.4,0
2077,139,1,4043.2,1
2078,11,8,287170.5,0
2079,105,1,2485.2,1
2080,22,1,27023.7,0
2081,12,6,32038.15,0
2082,26,2,10467.5,0
2083,66,2,4787.4,1
2084,124,1,1034.1,1
2085,74,1,19556.7,1
2086,69,1,12760.0,1
2087,79,1,1766.05,1
2088,56,4,190862.2,1
2089,161,1,2626.75,1
2090,162,1,1812.0,1
2091,90,2,8620.6,1
2092,123,1,3132.15,1
2093,48,1,87201.9,1
2094,137,1,9237.8,1
2095,24,1,1140.8,0
2096,13,1,12525.6,0
2097,19,4,303629.4,0
2098,99,2,6584.200000000001,1
2099,175,2,13346.7,1
2102,112,1,8287.8,1
2103,31,1,7882.05,1
2104,20,3,53007.3,0
2105,15,2,2551.6,0
2106,106,3,32794.299999999996,1
2107,23,7,26135.35,0
2108,99,1,986.0,1
2109,139,1,5076.8,1
2114,59,3,13858.35,1
2115,142,1,3846.6,1
2119,50,8,470140.60000000003,1
2123,107,1,1614.15,1
2124,2,2,7695.0,0
2125,6,7,51102.3,0
2126,53,1,2326.4,1
2127,34,7,301526.2,1
2130,104,1,6914.4,1
2132,63,3,133535.55,1
2133,158,1,10328.0,1
2134,107,3,91321.2,1
2135,167,1,725.4,1
2136,23,2,2942.4,0
2137,10,1,2328.0,0
2140,91,2,25572.0,1
2141,37,6,155560.34999999998,1
2142,7,1,8503.4,0
2143,37,8,151034.75,1
2145,16,5,42986.450000000004,0
2148,136,1,6128.5,1
2152,15,2,21124.35,0
2153,38,5,236137.95,1
2155,20,2,77794.65,0
2157,106,2,6020.4,1
2158,11,5,75985.9,0
2159,4,3,116787.15,0
2160,107,1,532.8,1
2161,175,1,7600.95,1
2163,28,4,15773.75,0
2164,103,4,26831.05,1
2168,177,1,7332.0,1
2170,12,5,23321.95,0
2172,105,2,147580.5,1
2173,14,3,3329.2,0
2175,46,2,63046.3,1
2176,27,9,412898.1,0
2178,41,4,111907.25,1
2180,8,3,21744.15,0
2181,24,1,850.25,0
2186,87,2,3343.1,1
2187,11,5,50103.200000000004,0
2188,80,2,7566.0,1
2189,140,2,29887.5,1
2192,77,4,12873.8,1
2193,105,3,39924.6,1
2194,65,1,31998.85,1
2195,79,5,15412.7,1
2196,105,1,1232.5,1
2197,53,1,14172.9,1
2199,59,3,79292.0,1
2200,14,3,48314.7,0
2202,26,3,54333.8,0
2203,110,1,2636.8,1
2204,144,1,3106.0,1
2205,77,1,136799.0,1
2207,70,1,69142.0,1
2210,29,5,335220.0,0
2213,5,6,15836.45,0
2215,106,1,1397.7,1
2217,49,5,109779.55,1
2218,29,3,96939.29999999999,0
2219,102,2,23021.4,1
2222,19,2,42875.399999999994,0
2226,40,6,25848.6,1
2227,102,3,48897.55,1
2229,91,2,68641.79999999999,1
2230,95,1,43684.8,1
2231,28,2,69485.0,0
2232,3,3,9948.1,0
2233,59,2,4462.5,1
2237,101,3,40210.35,1
2238,165,2,7626.15,1
2239,64,3,75042.6,1
2240,51,1,1399.35,1
2241,26,4,131528.8,0
2243,70,1,6400.8,1
2244,33,3,2598.4,1
2245,3,4,3757.4,0
2246,22,1,1947.0,0
2247,15,2,170069.35,0
2248,99,1,2950.7,1
2251,68,1,116723.2,1
2253,64,1,65204.1,1
2256,30,5,93318.79999999999,0
2257,34,2,9890.1,1
2258,150,1,583.3,1
2259,48,1,12056.0,1
2260,102,1,10794.0,1
2262,88,2,3124.25,1
2263,30,7,157491.2,0
2265,165,1,4012.8,1
2267,103,1,476.9,1
2270,178,1,7906.7,1
2272,102,2,14275.0,1
2274,11,2,3986.2,0
2275,53,8,234939.1,1
2276,104,3,23401.35,1
2277,57,2,10602.0,1
2279,83,3,78895.15,1
2280,22,3,57436.1,0
2281,46,3,120777.4,1
2282,103,2,29536.0,1
2283,94,1,11957.8,1
2285,19,7,26506.7,0
2287,33,4,328918.8,1
2288,126,1,169468.8,1
2289,108,1,22559.0,1
2290,150,1,2683.8,1
2292,6,2,16279.6,0
2293,6,1,167458.4,0
2294,12,2,5708.55,0
2295,34,1,26984.75,1
2296,34,5,121285.9,1
2298,19,5,14339.05,0
2299,107,1,1320.5,1
2302,103,2,6150.0,1
2303,58,2,3196.35,1
2305,170,2,118202.7,1
2307,63,2,7088.200000000001,1
2309,134,1,7438.4,1
2310,61,1,9292.8,1
2311,160,1,2106.0,1
2312,131,1,37638.0,1
2313,67,1,4180.3,1
2317,5,2,17508.0,0
2318,3,1,7089.85,0
2319,161,1,4175.2,1
2320,80,1,1140.8,1
2321,107,2,145341.3,1
2322,48,3,12368.55,1
2323,26,4,30365.35,0
2325,106,1,3231.7,1
2326,35,1,2687.4,1
2327,104,1,4210.4,1
2328,14,2,13049.1,0
2329,103,5,46447.5,1
2330,126,1,7318.8,1
2331,61,8,328445.55,1
2333,23,2,9117.6,0
2334,38,2,5350.9,1
2335,79,1,195792.15,1
2336,125,1,12552.3,1
2337,176,1,7210.0,1
2338,19,2,3885.8500000000004,0
2339,151,2,6417.6,1
2341,19,1,2432.0,0
2342,28,2,169334.95,0
2343,35,2,13669.5,1
2345,66,1,142.4,1
2346,65,1,211526.4,1
2349,4,6,49751.4,0
2351,16,3,165920.1,0
2352,55,1,4245.6,1
2353,7,2,14497.949999999999,0
2354,10,5,59073.2,0
2356,136,1,1078.65,1
2357,19,2,112717.95000000001,0
2360,22,2,5689.1,0
2361,18,1,1472.8,0
2362,54,2,7179.15,1
2363,146,1,10208.0,1
2364,17,1,31730.4,0
2365,105,2,18936.3,1
2366,147,1,10235.7,1
2369,35,1,7162.2,1
2371,13,1,78820.2,0
2373,103,1,193.8,1
2374,48,1,2598.0,1
2378,14,1,4360.5,0
2379,96,1,8139.0,1
2380,38,4,28199.45,1
2381,5,5,59639.700000000004,0
2384,49,3,13826.65,1
2385,52,5,78086.4,1
2386,175,1,3875.15,1
2387,35,2,4931.4,1
2388,44,4,14148.35,1
2389,78,3,8508.45,1
2391,41,2,46748.45,1
2393,58,8,68994.0,1
2394,102,1,3531.75,1
2395,3,4,13684.2,0
2396,16,5,74068.59999999999,0
2397,93,1,2460.0,1
2398,164,1,3360.0,1
2399,75,4,67010.65,1
2400,73,2,132523.4,1
2404,151,3,10967.900000000001,1
2405,53,1,2786.4,1
2406,32,3,13746.75,1
2407,104,3,17554.4,1
2409,134,1,228.8,1
2411,102,1,3798.0,1
2413,45,2,11610.2,1
2415,26,2,11656.6,0
2416,2,1,46229.85,0
2417,153,1,5684.8,1
2418,62,5,10530.9,1
2420,164,1,69454.0,1
2421,25,2,18840.4,0
2422,67,1,14380.8,1
2426,135,1,13403.7,1
2427,47,1,532.8,1
2428,1,2,10129.8,0
2429,179,1,40535.55,1
2430,50,1,970.7,1
2431,110,1,24718.05,1
2432,86,1,674.1,1
2436,53,4,16260.95,1
2437,123,2,3097.4,1
2439,14,1,2993.6,0
2440,104,1,7641.0,1
2442,87,2,193527.3,1
2443,12,1,5283.0,0
2444,48,2,7526.3,1
2445,7,5,198010.74999999997,0
2446,141,1,1598.4,1
2447,105,2,7829.25,1
2449,42,1,1140.7,1
2453,61,7,92600.25,1
2454,27,3,189409.59999999998,0
2455,91,1,1400.8,1
2456,1,2,5714.0,0
2457,111,3,14287.3,1
2458,30,3,191971.25,0
2460,98,1,5506.0,1
2461,85,2,5897.6,1
2462,125,2,70006.15,1
2465,115,1,6163.2,1
2466,155,1,4970.7,1
2467,13,2,5720.700000000001,0
2468,4,2,9225.3,0
2469,10,2,12363.400000000001,0
2470,51,4,15352.5,1
2471,139,1,15080.0,1
2472,91,5,256885.2,1
2473,161,1,1195.95,1
2474,74,3,85097.9,1
2477,64,2,5877.25,1
2480,106,1,8404.8,1
2481,12,4,6176.75,0
2482,2,1,674.1,0
2483,109,1,8175.3,1
2485,136,1,1140.8,1
2486,56,5,34795.1,1
2488,130,1,7689.0,1
2489,125,1,2100.0,1
2490,106,3,280819.8,1
2491,17,1,11301.6,0
2493,125,1,1463.7,1
2495,106,1,732.8,1
2496,27,4,17648.05,0
2498,176,1,15271.2,1
2499,106,1,2005.2,1
2500,6,1,8874.9,0
2502,19,1,4129.6,0
2504,15,8,305779.7,0
2505,81,2,18339.5,1
2506,145,1,2736.95,1
2507,14,5,22134.4,0
2508,59,1,484.8,1
2509,107,1,38906.3,1
2512,79,1,8103.6,1
2513,126,2,12878.65,1
2516,171,1,766.0,1
2517,163,1,7128.0,1
2518,164,2,117153.75,1
2519,76,2,11437.8,1
2521,11,1,2508.0,0
2522,104,1,9230.4,1
2523,34,4,42955.6,1
2524,104,1,7594.0,1
2526,176,1,7089.85,1
2527,24,3,56385.4,0
2528,119,1,9733.5,1
2530,11,4,312173.9,0
2531,104,1,182039.4,1
2532,32,3,13485.8,1
2533,74,1,702.05,1
2534,57,2,6415.85,1
2535,129,1,10177.35,1
2536,107,1,2786.4,1
2539,31,1,2675.2,1
2540,135,1,998.4,1
2542,6,5,22155.7,0
2543,55,1,8372.5,1
2544,22,6,236522.59999999998,0
2551,23,1,9219.2,0
2552,10,2,9579.800000000001,0
2553,93,3,18865.6,1
2554,19,3,26214.9,0
2555,25,4,84305.85,0
2557,8,3,66322.6,0
2558,155,1,12434.4,1
2559,135,1,64376.0,1
2560,77,5,178598.55000000002,1
2561,76,7,67104.75,1
2563,104,2,10755.1,1
2564,58,2,7376.85,1
2566,17,4,273110.3,0
2570,68,2,24018.35,1
2572,124,2,34298.399999999994,1
2574,61,8,19676.05,1
2576,42,2,7999.95,1
2577,2,2,12987.15,0
2578,87,2,124988.29999999999,1
2579,104,2,2941.1,1
2581,34,3,19136.75,1
2583,34,2,128860.2,1
2584,15,6,14782.65,0
2585,107,1,5489.6,1
2587,103,1,67589.1,1
2588,103,1,1612.8,1
2589,17,4,38831.0,0
2590,38,1,4617.0,1
2591,104,2,65080.2,1
2592,12,1,74441.3,0
2595,158,1,338.2,1
2598,105,1,10176.3,1
2599,4,3,78572.0,0
2602,88,2,41005.05,1
2603,118,2,27037.8,1
2604,129,1,424.0,1
2607,1,6,32037.65,0
2608,39,2,14477.8,1
2609,3,2,11951.4,0
2612,26,2,12885.7,0
2613,2,3,24706.65,0
2615,32,1,20346.15,1
2616,6,2,41590.5,0
2618,40,2,6995.700000000001,1
2619,32,1,6278.0,1
2620,106,1,766.0,1
2621,70,1,1152.0,1
2622,64,4,73286.9,1
2623,65,1,12188.5,1
2624,62,1,2154.6,1
2625,25,5,28707.35,0
2627,41,5,15184.25,1
2628,15,2,262144.9,0
2630,122,1,2219.2,1
2632,5,1,1190.0,0
2634,9,4,11151.05,0
2636,14,5,201406.55,0
2641,8,3,201678.9,0
2642,129,1,11547.0,1
2645,60,1,65981.3,1
2647,16,2,7160.0,0
2648,97,2,12266.4,1
2649,17,1,2325.6,0
2650,111,2,4287.45,1
2651,44,8,219437.1,1
2652,49,2,37566.9,1
2653,48,2,53020.8,1
2654,129,1,4136.1,1
2655,167,1,1772.25,1
2657,110,1,106896.6,1
2658,47,2,225998.09999999998,1
2659,107,2,18527.4,1
2660,1,5,29448.050000000003,0
2661,109,1,1232.5,1
2663,4,6,21010.8,0
2664,42,2,22740.3,1
2666,114,1,2119.5,1
2667,28,9,151114.3,0
2668,121,1,4788.0,1
2669,126,1,1483.2,1
2671,57,2,18619.800000000003,1
2674,127,1,4006.8,1
2675,10,3,2715.65,0
2676,147,1,15791.3,1
2677,55,1,1472.2,1
2678,67,2,6428.3,1
2679,24,1,214282.8,0
2680,6,4,17306.6,0
2681,113,1,2424.2,1
2682,2,1,2100.45,0
2683,29,1,5283.0,0
2684,66,2,5817.599999999999,1
2685,35,4,262860.7,1
2686,172,2,159559.8,1
2689,103,1,2918.4,1
2691,107,1,19038.6,1
2692,31,4,14184.699999999999,1
2693,83,3,149796.2,1
2696,61,3,317078.1,1
2698,158,1,1070.15,1
2700,151,1,33360.0,1
2701,3,3,15661.3,0
2703,12,1,247032.3,0
2704,41,3,88992.7,1
2705,42,3,92782.04999999999,1
2706,3,2,23465.7,0
2707,138,1,11688.0,1
2708,88,1,5627.2,1
2709,59,1,84482.0,1
2710,16,8,262244.55000000005,0
2711,62,3,38996.7,1
2712,128,1,4762.8,1
2713,111,1,7326.4,1
2714,144,1,2281.6,1
2715,103,1,8778.8,1
2717,66,1,3206.2,1
2718,48,4,13280.55,1
2719,148,2,3027.95,1
2721,79,2,11004.15,1
2722,24,2,2724.8,0
2723,103,1,910.1,1
2724,178,1,2568.0,1
2725,46,2,4806.799999999999,1
2729,72,3,9541.0,1
2730,57,6,217233.3,1
2731,109,2,149240.45,1
2732,180,1,2767.5,1
2733,176,1,119156.4,1
2735,48,4,10544.4,1
2736,57,1,12755.1,1
2738,32,3,238516.25,1
2740,117,1,8743.8,1
2741,134,3,12561.4,1
2745,24,7,483163.85000000003,0
2747,167,1,18616.8,1
2748,90,1,15587.2,1
2750,164,1,2709.4,1
2751,104,4,17603.5,1
2752,10,2,7486.4,0
2753,39,2,54760.4,1
2754,143,1,2113.2,1
2755,54,4,37617.2,1
2756,103,2,11498.95,1
2757,22,3,28140.8,0
2759,105,1,739.8,1
2763,80,1,6782.05,1
2766,11,5,49537.450000000004,0
2770,22,1,12909.8,0
2771,105,1,5703.2,1
2773,100,3,56000.3,1
2776,56,3,22721.399999999998,1
2777,2,4,33081.8,0
2778,77,2,17662.7,1
2779,25,4,41429.0,0
2780,151,1,1343.7,1
2781,39,2,28817.5,1
2782,111,1,1838.0,1
2783,32,2,30005.35,1
2784,104,1,2598.0,1
2785,63,1,20962.0,1
2786,176,1,1433.1,1
2787,40,2,164475.0,1
2790,46,1,3609.0,1
2791,122,2,8761.4,1
2792,19,2,5909.0,0
2794,106,1,14823.0,1
2795,64,1,5530.0,1
2796,47,1,40649.55,1
2797,142,1,2511.0,1
2798,102,3,20744.199999999997,1
2799,107,1,18134.0,1
2800,68,1,4358.6,1
2801,2,2,39708.0,0
2802,134,1,2348.0,1
2806,67,1,2284.0,1
2808,169,1,9847.0,1
2809,121,1,10324.6,1
2810,2,3,133842.6,0
2812,17,4,26613.1,0
2813,59,4,15982.2,1
2814,102,1,991.8,1
2815,134,2,5233.0,1
2816,36,3,94426.5,1
2817,104,1,1314.8,1
2818,30,1,4104.0,0
2821,110,5,291661.15,1
2822,1,1,121359.6,0
2823,7,1,10864.8,0
2825,27,1,6849.5,0
2826,9,4,28093.35,0
2827,76,1,14014.4,1
2828,163,1,4937.4,1
2829,20,2,21185.699999999997,0
2831,51,2,257785.7,1
2832,54,5,113500.2,1
2833,29,2,102898.7,0
2834,56,2,258215.4,1
2835,113,1,4091.9,1
2837,13,6,16821.7,0
2838,83,5,207669.80000000002,1
2840,20,5,13917.85,0
2843,83,3,48657.6,1
2844,102,2,57214.600000000006,1
2845,70,2,17843.2,1
2847,151,1,2148.0,1
2848,17,3,6572.1,0
2849,61,1,4420.8,1
2850,68,2,22894.9,1
2851,14,7,51474.7,0
2853,151,1,3174.9,1
2854,5,3,17196.5,0
2857,174,1,3705.0,1
2859,10,2,14023.05,0
2861,23,2,7894.45,0
2864,14,3,88116.9,0
2865,104,1,8706.75,1
2866,84,1,7895.65,1
2868,102,3,19000.3,1
2869,68,1,152893.0,1
2870,115,1,5849.7,1
2871,176,1,5027.4,1
2872,6,1,4274.0,0
2873,23,7,299025.5,0
2874,66,2,3299.55,1
2875,166,1,4456.8,1
2876,1,2,56189.6,0
2877,162,2,6819.4,1
2881,7,3,35311.1,0
2885,19,2,26857.7,0
2887,83,1,6425.6,1
2888,104,1,2166.3,1
2891,43,2,74880.15,1
2892,160,1,2122.3,1
2894,44,1,48179.2,1
2896,24,1,12282.3,0
2897,56,3,14083.15,1
2901,6,8,40527.55,0
2902,83,1,2665.8,1
2903,90,2,23661.6,1
2904,56,4,121740.0,1
2905,71,3,156887.3,1
2906,107,1,825.6,1
2907,47,1,1368.0,1
2908,103,3,22786.35,1
2909,25,3,208044.44999999998,0
2910,13,3,23358.2,0
2911,153,2,6787.400000000001,1
2912,45,1,6670.8,1
2914,159,1,2997.0,1
2919,46,7,86797.65,1
2920,69,1,14893.0,1
2922,81,2,11398.150000000001,1
2923,17,3,48790.8,0
2927,131,3,88149.2,1
2928,82,5,62930.74999999999,1
2930,26,3,48622.6,0
2931,58,2,9125.6,1
2932,155,1,4925.0,1
2933,31,1,895.0,1
2934,85,2,10164.6,1
2936,12,3,6433.0,0
2941,103,1,2281.4,1
2942,129,1,150568.0,1
2943,151,1,10247.6,1
2945,141,2,13034.0,1
2946,167,1,12096.0,1
2947,46,3,14103.0,1
2948,79,2,4719.15,1
2950,102,4,25678.800000000003,1
2951,44,4,53616.149999999994,1
2952,91,1,35194.65,1
2954,81,2,10737.0,1
2955,57,2,39281.299999999996,1
2956,174,1,7443.0,1
2957,23,2,35071.0,0
2959,103,4,103658.05,1
2960,57,2,2990.9,1
2963,102,2,4780.4,1
2964,64,2,10953.2,1
2965,13,7,238132.1,0
2966,171,1,2865.2,1
2967,11,2,37175.2,0
2968,27,9,155623.25,0
2969,65,4,30994.05,1
2970,4,7,126645.40000000001,0
2972,105,1,50293.0,1
2975,33,4,96300.59999999999,1
2976,87,1,206479.65,1
2979,90,1,962.4,1
2981,157,1,81130.0,1
2982,19,4,120666.15,0
2983,93,2,5997.700000000001,1
2985,91,2,115340.1,1
2987,76,2,10513.8,1
2988,37,1,6640.0,1
2989,95,1,85860.0,1
2991,79,1,88264.0,1
2993,10,2,65550.6,0
2995,106,1,5728.8,1
2996,74,3,58520.65,1
2997,17,6,94886.15,0
3000,105,3,325711.80000000005,1
3001,51,6,162565.75,1
3004,102,2,29814.85,1
3005,98,1,1400.0,1
3006,40,1,989.4,1
3008,103,2,122103.9,1
3009,18,3,311696.4,0
3010,23,1,80839.2,0
3011,74,2,8355.45,1
3012,12,2,9661.6,0
3013,142,1,75099.0,1
3015,106,2,16909.2,1
3017,3,6,207090.8,0
3021,38,4,57908.25,1
3022,108,1,2673.6,1
3024,92,2,23882.2,1
3025,138,1,7711.2,1
3026,57,2,13219.2,1
3028,53,2,15040.2,1
3029,111,2,3204.8,1
3030,48,6,24365.2,1
3031,99,1,22130.4,1
3032,48,2,12523.6,1
3033,12,1,2821.5,0
3034,138,1,3727.2,1
3035,104,1,440.8,1
3037,176,1,3955.2,1
3039,20,2,18486.6,0
3040,74,4,9003.3,1
3041,14,4,248742.0,0
3042,45,2,33993.85,1
3043,17,2,39883.35,0
3044,99,5,7715.65,1
3045,105,2,391188.3,1
3048,1,1,1694.0,0
3049,104,3,69482.8,1
3051,106,2,17362.5,1
3052,41,2,158897.0,1
3053,6,3,55474.5,0
3055,31,2,84926.1,1
3056,168,1,2801.0,1
3058,44,1,1299.6,1
3059,17,1,5841.6,0
3060,51,2,136910.35,1
3062,75,3,121015.95,1
3063,2,2,4588.35,0
3065,38,7,66960.05,1
3066,107,2,7758.8,1
3067,70,3,47257.75,1
3069,32,2,81614.7,1
3070,32,3,14859.099999999999,1
3071,9,5,25390.55,0
3072,63,1,48288.5,1
3073,7,1,1972.8,0
3074,29,1,3648.0,0
3076,3,4,26421.6,0
3077,102,2,13079.8,1
3078,36,3,25854.4,1
3079,11,1,2549.15,0
3080,171,1,4651.0,1
3081,81,2,70424.0,1
3085,38,1,1096.0,1
3088,160,1,11480.1,1
3089,2,3,14554.6,0
3091,107,1,25601.4,1
3093,47,4,56713.6,1
3095,42,4,205881.5,1
3096,20,4,131685.8,0
3098,49,2,92960.4,1
3099,12,8,387687.7,0
3100,9,4,229255.6,0
3104,52,2,6776.0,1
3105,23,1,12581.7,0
3106,103,1,11301.6,1
3107,5,4,104519.1,0
3108,104,2,222941.5,1
3109,92,1,1721.4,1
3111,104,1,827.1,1
3112,95,2,50224.549999999996,1
3113,111,1,4981.0,1
3115,103,1,2813.9,1
3116,91,7,47452.95,1
3117,16,3,17546.65,0
3118,164,1,4936.8,1
3119,125,1,17039.7,1
3120,144,1,1033.6,1
3121,124,1,1451.0,1
3123,52,1,8990.45,1
3124,159,1,3132.15,1
3126,107,1,56727.2,1
3127,33,1,1240.2,1
3128,46,3,7348.4,1
3129,22,2,3958.65,0
3130,122,1,5108.15,1
3131,24,7,32418.0,0
3132,54,5,41689.4,1
3133,47,1,5066.35,1
3135,29,1,24084.0,0
3137,98,1,10272.0,1
3138,104,2,20089.7,1
3140,102,3,45767.25,1
3141,4,4,253505.0,0
3142,103,1,65561.6,1
3144,36,2,17565.6,1
3145,16,4,167274.65,0
3146,105,1,1261.4,1
3148,138,1,303.0,1
3150,63,1,675.45,1
3151,106,1,1450.0,1
3153,102,1,7911.0,1
3154,168,1,3559.8,1
3155,52,2,6878.75,1
3156,6,9,46491.950000000004,0
3158,42,3,126680.9,1
3159,106,5,19073.95,1
3160,5,2,5289.6,0
3161,91,1,3653.7,1
3162,57,4,45253.25,1
3165,60,2,14460.8,1
3166,90,1,674.1,1
3167,103,2,6641.1,1
3168,103,2,15208.0,1
3171,143,1,305.0,1
3172,35,4,111762.65000000001,1
3174,150,2,202596.9,1
3175,3,5,66193.65,0
3177,14,8,101881.5,0
3178,1,6,55419.200000000004,0
3179,113,2,80338.65,1
3180,105,2,4240.35,1
3181,162,1,4779.2,1
3183,160,1,1651.2,1
3184,90,4,10275.4,1
3185,2,5,18130.4,0
3186,105,2,5479.25,1
3187,168,1,17039.7,1
3188,121,1,1350.0,1
3190,3,4,56942.2,0
3193,70,2,4474.25,1
3196,171,1,18238.0,1
3197,96,2,24264.8,1
3203,149,2,82257.4,1
3204,124,1,1269.0,1
3205,15,6,130000.85,0
3206,66,1,163096.95,1
3207,124,1,26120.25,1
3210,40,2,14868.199999999999,1
3212,33,2,13100.400000000001,1
3213,21,5,20278.9,0
3215,76,1,4229.4,1
3216,102,4,79433.1,1
3218,149,1,2823.4,1
3219,60,2,7796.3,1
3222,136,2,50686.4,1
3223,47,2,6308.8,1
3224,104,3,32490.05,1
3226,33,2,4305.15,1
3227,165,1,2337.0,1
3228,58,2,2253.4,1
3230,136,1,2134.65,1
3231,9,7,112501.8,0
3233,102,1,6735.6,1
3234,107,1,20791.7,1
3235,153,1,6070.7,1
3237,2,1,560.0,0
3238,102,4,47632.0,1
3239,140,1,8256.0,1
3241,13,3,37587.15,0
3242,45,4,23456.15,1
3243,38,4,24427.0,1
3244,104,2,29490.45,1
3246,34,4,178937.0,1
3250,17,2,6595.3,0
3251,62,1,14131.8,1
3252,87,4,14234.6,1
3254,103,1,3328.8,1
3255,54,5,251998.8,1
3257,12,7,46312.5,0
3258,101,2,7259.25,1
3260,2,6,216323.1,0
3262,11,4,13976.05,0
3266,106,1,4628.4,1
3267,128,1,21828.6,1
3270,72,5,99579.2,1
3272,116,3,56618.05,1
3276,25,2,21360.5,0
3277,12,2,11906.8,0
3280,12,2,16718.35,0
3281,168,1,2377.6,1
3283,102,2,3623.9,1
3284,146,1,768.0,1
3287,16,2,13267.3,0
3288,105,1,254351.1,1
3289,89,2,3619.8,1
3290,63,2,9024.5,1
3291,90,4,58767.0,1
3292,104,1,5132.0,1
3293,68,1,11461.5,1
3294,12,2,204156.15,0
3296,103,3,48990.1,1
3297,153,1,6460.0,1
3298,141,2,11116.4,1
3300,83,1,238.45,1
3301,105,2,4202.8,1
3305,104,1,114775.2,1
3306,19,5,12568.0,0
3307,93,1,1503.0,1
3308,102,4,30723.8,1
3310,8,3,20202.800000000003,0
3311,88,3,69502.8,1
3312,25,1,2643.2,0
3313,115,1,3137.6,1
3314,17,2,19857.0,0
3315,8,1,80257.9,0
3317,109,1,2577.35,1
3318,103,1,2078.4,1
3319,107,1,3250.9,1
3320,71,5,59816.7,1
3321,106,1,28237.8,1
3323,104,1,65526.4,1
3325,14,2,21535.600000000002,0
3327,14,6,26313.8,0
3328,9,2,215908.94999999998,0
3329,62,1,10176.3,1
3330,33,2,44358.0,1
3332,12,3,9009.0,0
3333,10,4,36173.6,0
3334,60,2,108087.29999999999,1
3335,33,1,606.4,1
3336,66,4,33397.8,1
3337,17,2,408976.1,0
3338,56,4,7902.45,1
3341,128,1,13953.0,1
3342,14,1,40003.0,0
3343,4,5,39311.600000000006,0
3344,103,3,36225.3,1
3345,111,3,15942.0,1
3346,5,2,187946.3,0
3347,106,1,1795.2,1
3348,11,1,259.25,0
3349,47,6,249184.55,1
3350,8,2,3221.35,0
3351,73,2,131179.5,1
3353,100,2,30452.8,1
3355,37,1,7428.0,1
3358,102,2,2513.6,1
3359,170,1,88156.05,1
3361,65,1,2399.2,1
3363,60,4,100374.45,1
3366,103,1,4473.55,1
3368,89,1,2918.4,1
3372,107,1,111310.4,1
3373,103,1,4226.4,1
3374,132,2,102208.5,1
3375,58,1,21278.05,1
3376,171,1,720.0,1
3377,7,4,12755.25,0
3378,115,1,204.0,1
3379,102,1,826.0,1
3381,30,1,132.0,0
3382,82,1,3011.5,1
3383,35,4,99625.79999999999,1
3384,73,1,3484.8,1
3387,65,4,155853.15,1
3388,138,1,243.1,1
3389,15,8,19765.85,0
3391,105,1,85366.35,1
3393,106,3,190929.6,1
3394,8,3,37401.0,0
3395,111,1,119175.3,1
3396,169,1,10914.0,1
3397,9,5,255871.69999999998,0
3398,106,1,11350.8,1
3399,13,3,11611.0,0
3400,72,3,11319.099999999999,1
3401,83,1,2543.2,1
3402,89,1,5105.7,1
3403,46,2,57782.7,1
3404,106,2,31287.65,1
3407,9,2,4974.4,0
3408,104,1,2001.75,1
3409,105,1,20718.0,1
3410,102,2,11827.65,1
3411,161,1,2832.9,1
3412,132,1,36002.7,1
3413,26,3,221376.8,0
3415,131,1,85891.65,1
3416,69,3,69625.0,1
3417,40,4,337574.30000000005,1
3419,27,6,41034.8,0
3420,105,3,15114.05,1
3421,19,5,230230.95,0
3422,38,6,30343.1,1
3425,20,7,35420.45,0
3427,38,1,17433.0,1
3428,107,1,35602.2,1
3429,59,2,12234.449999999999,1
3431,7,2,78619.6,0
3432,106,1,11453.2,1
3433,8,2,8814.4,0
3434,150,1,9189.0,1
3436,23,3,6732.5,0
3437,25,6,168750.85,0
3439,28,4,22845.75,0
3440,16,2,49580.75,0
3444,59,2,173038.75,1
3445,122,1,38927.2,1
3446,104,3,16138.05,1
3447,107,2,4449.6,1
3449,39,6,25880.1,1
3450,11,5,43937.6,0
3452,32,4,6022.65,1
3453,53,3,143449.5,1
3454,154,2,102837.7,1
3455,22,7,205666.15000000002,0
3456,56,3,11202.65,1
3457,59,2,14082.8,1
3458,78,3,6634.65,1
3459,57,8,55695.899999999994,1
3461,86,3,21955.9,1
3462,22,3,6753.7,0
3464,55,2,13034.4,1
3465,41,2,7428.6,1
3466,76,2,10868.0,1
3469,36,4,34315.149999999994,1
3470,179,1,15324.45,1
3471,50,4,19627.95,1
3472,22,3,12222.0,0
3473,102,1,2111.4,1
3474,148,1,4927.65,1
3475,12,3,5910.7,0
3476,2,1,6623.1,0
3478,177,1,4377.6,1
3479,84,6,13181.7,1
3480,113,1,3775.3,1
3481,10,6,67002.7,0
3482,3,12,175872.5,0
3484,55,4,185853.65,1
3485,107,1,17856.0,1
3487,24,1,7455.6,0
3488,103,1,8369.95,1
3491,112,1,151718.2,1
3492,79,1,19806.7,1
3493,168,1,59387.0,1
3494,10,3,10393.55,0
3495,122,2,9352.75,1
3496,5,4,128707.9,0
3497,62,1,41385.6,1
3499,20,1,4129.2,0
3500,110,2,2418.7,1
3501,179,1,49774.0,1
3502,153,1,501.0,1
3503,7,1,1587.6,0
3505,126,2,24471.55,1
3507,168,1,30314.7,1
3508,169,1,108.3,1
3509,78,1,5888.0,1
3511,149,1,21571.2,1
3515,23,4,44516.15,0
3517,111,2,79636.55,1
3519,9,5,182554.7,0
3520,76,4,76977.3,1
3521,98,2,5085.45,1
3522,50,2,10812.0,1
3523,147,2,26236.8,1
3524,125,3,16621.95,1
3525,88,1,6050.7,1
3526,22,2,15599.3,0
3530,49,5,77629.0,1
3531,81,2,233113.05,1
3533,30,3,7231.0,0
3535,122,2,2877.6,1
3537,101,1,3088.05,1
3538,130,1,2116.6,1
3539,39,2,161048.1,1
3540,149,1,720.8,1
3541,27,2,45255.2,0
3542,20,9,170556.9,0
3543,92,2,4857.35,1
3546,3,13,74077.95,0
3547,64,1,910.1,1
3548,119,1,6509.3,1
3549,14,1,13787.85,0
3550,21,4,251873.5,0
3551,96,5,107071.2,1
3553,105,1,379.0,1
3555,118,1,3527.5,1
3556,41,1,1690.0,1
3557,103,3,33076.0,1
3559,105,1,182326.0,1
3560,134,2,3465.4,1
3561,52,2,199286.25,1
3562,103,2,5736.25,1
3563,111,2,153117.0,1
3565,26,8,50143.9,0
3566,102,2,16232.15,1
3567,20,2,19101.4,0
3568,101,2,2215.2,1
3570,53,2,1374.0,1
3571,87,1,650.25,1
3572,19,1,4849.2,0
3575,98,1,27817.95,1
3576,160,1,2916.0,1
3577,119,1,1697.4,1
3578,19,5,16831.5,0
3579,111,1,2934.4,1
3580,106,1,545.4,1
3582,108,2,30506.7,1
3583,51,2,202582.5,1
3584,57,2,17593.0,1
3586,62,3,11299.65,1
3587,133,1,24179.1,1
3591,78,1,11372.15,1
3593,71,1,1517.4,1
3595,2,6,107733.1,0
3597,116,1,2340.0,1
3598,151,1,10254.3,1
3601,71,1,13947.0,1
3602,81,10,329693.45,1
3604,179,1,92046.45,1
3605,166,1,5273.6,1
3606,106,1,1737.9,1
3608,161,1,3276.0,1
3609,8,1,4339.6,0
3610,3,9,177708.7,0
3611,99,2,24975.3,1
3612,77,1,2768.3,1
3613,124,1,17442.0,1
3614,45,1,34135.2,1
3615,81,2,7143.0,1
3616,104,2,12587.7,1
3617,102,2,5403.65,1
3618,68,1,1769.0,1
3619,130,2,147876.0,1
3620,29,4,92647.85,0
3621,11,5,22705.3,0
3625,67,1,6978.7,1
3626,51,2,32866.8,1
3627,102,1,12710.05,1
3631,19,2,2838.1000000000004,0
3632,44,3,33552.8,1
3634,87,1,228.0,1
3635,13,4,226793.99999999997,0
3637,2,3,13361.65,0
3638,165,1,32829.0,1
3639,12,5,330687.55,0
3640,109,1,4676.85,1
3641,128,1,1949.9,1
3642,120,2,4514.1,1
3643,61,1,85366.35,1
3645,20,3,199989.30000000002,0
3646,21,2,24836.4,0
3647,132,1,211.2,1
3648,8,5,223789.7,0
3649,8,2,12378.400000000001,0
3650,67,8,106383.9,1
3652,110,1,6273.6,1
3653,2,2,34910.0,0
3655,42,1,2045.1,1
3657,25,2,24578.2,0
3658,53,5,12590.3,1
3659,132,1,1039.2,1
3660,12,3,140231.4,0
3661,36,1,14887.8,1
3663,68,1,2082.4,1
3665,33,1,67459.4,1
3666,92,2,24691.350000000002,1
3667,129,2,74720.0,1
3668,143,2,34187.85,1
3669,107,1,13730.0,1
3670,104,4,43209.75,1
3673,110,1,19915.2,1
3674,17,7,45066.65,0
3675,9,4,112429.0,0
3676,102,1,2559.3,1
3677,25,3,43730.4,0
3678,40,2,168513.8,1
3679,53,2,8961.6,1
3682,117,1,82344.1,1
3684,163,1,14148.35,1
3685,94,4,65600.3,1
3686,79,1,22875.0,1
3687,75,2,21285.25,1
3688,28,2,5778.0,0
3689,120,1,1315.2,1
3691,23,1,11943.0,0
3692,107,1,18888.0,1
3693,38,2,7717.400000000001,1
3694,138,1,1342.0,1
3696,11,1,17286.0,0
3698,113,3,128460.5,1
3700,58,1,2673.0,1
3701,25,2,1982.3,0
3702,105,2,9617.800000000001,1
3703,8,2,32856.5,0
3704,8,3,12180.65,0
3706,29,2,3370.2,0
3707,41,5,70030.3,1
3710,76,1,35416.95,1
3711,12,2,183444.2,0
3712,30,2,14111.15,0
3713,91,1,4599.0,1
3714,4,6,26302.55,0
3716,26,1,73676.3,0
3717,26,5,90924.95,0
3718,80,1,25080.3,1
3719,23,7,445395.0,0
3722,19,1,295.8,0
3723,26,1,285798.0,0
3725,39,3,22720.4,1
3726,105,2,13758.95,1
3727,86,2,37264.2,1
3728,20,2,6265.0,0
3729,105,3,16209.6,1
3730,59,4,305250.05,1
3731,130,1,7308.0,1
3732,164,1,6126.3,1
3734,35,4,191979.0,1
3735,129,1,3423.8,1
3736,19,8,299816.9,0
3737,62,1,56810.0,1
3738,114,3,7405.4,1
3740,11,1,13705.65,0
3741,142,1,972.8,1
3742,7,5,356084.80000000005,0
3743,107,2,283879.05,1
3744,161,1,11473.3,1
3746,105,1,44586.0,1
3747,103,3,4746.0,1
3748,97,2,15274.4,1
3750,84,2,15579.55,1
3752,42,9,444620.5,1
3753,102,1,1252.05,1
3754,24,1,7596.2,0
3755,79,3,4096.25,1
3756,20,2,33700.8,0
3757,26,5,94392.90000000001,0
3758,102,1,13222.8,1
3760,36,2,74144.59999999999,1
3762,28,1,1104.15,0
3763,96,2,131187.6,1
3767,101,2,6345.8,1
3768,103,2,73894.34999999999,1
3769,34,3,29955.0,1
3771,58,1,208707.0,1
3772,40,5,14442.05,1
3773,131,1,3518.1,1
3774,86,5,162038.5,1
3775,147,1,13278.6,1
3777,30,2,11698.199999999999,0
3778,178,1,7034.0,1
3779,102,2,12445.15,1
3780,81,1,10378.5,1
3782,11,1,3529.8,0
3783,93,3,8063.0,1
3784,41,2,29492.649999999998,1
3787,104,1,1873.4,1
3788,126,1,14258.0,1
3790,64,5,123416.0,1
3791,47,9,142672.65,1
3792,71,1,989.1,1
3793,105,1,9252.0,1
3794,18,1,2613.75,0
3795,6,3,77191.90000000001,0
3796,72,1,65264.05,1
3797,21,9,118909.95000000001,0
3798,91,1,44132.0,1
3799,34,1,1515.6,1
3800,126,1,825.55,1
3801,163,1,11332.8,1
3802,87,2,7758.0,1
3804,105,2,3793.25,1
3805,151,1,999.6,1
3806,179,1,2543.2,1
3807,65,3,38092.35,1
3809,9,1,6273.0,0
3810,88,2,18491.7,1
3811,7,2,73200.75,0
3813,12,1,807.5,0
3815,71,1,1709.1,1
3816,161,1,1099.2,1
3817,31,2,4234.35,1
3818,57,5,207138.8,1
3819,69,4,95054.0,1
3820,38,2,34852.35,1
3821,101,2,16579.35,1
3823,58,1,816.0,1
3824,66,2,82848.9,1
3825,8,8,61979.7,0
3826,26,1,10562.95,0
3827,106,1,29824.8,1
3828,7,1,1540.2,0
3831,23,5,138534.65,0
3832,135,1,2058.65,1
3834,21,7,207062.4,0
3835,17,4,215985.59999999998,0
3836,10,2,32175.9,0
3838,94,1,48288.5,1
3839,85,3,185813.75,1
3840,32,2,6591.2,1
3841,29,1,11384.05,0
3843,123,1,440.8,1
3844,139,1,1044.0,1
3845,15,3,7248.450000000001,0
3846,125,1,4199.85,1
3848,2,1,2966.4,0
3849,165,1,3296.0,1
3850,108,4,28853.95,1
3851,103,1,15502.3,1
3852,123,2,176218.19999999998,1
3854,122,1,5845.35,1
3855,34,5,31387.55,1
3856,5,2,3113.6000000000004,0
3857,173,1,2122.45,1
3859,1,3,9477.4,0
3860,6,5,167572.09999999998,0
3861,62,1,11852.2,1
3862,6,3,109707.0,0
3863,178,1,2988.0,1
3864,2,3,42801.0,0
3865,73,2,1715.0,1
3866,96,1,1055.7,1
3867,89,2,9629.300000000001,1
3868,119,1,1798.2,1
3869,61,3,3384.8,1
3870,49,1,2793.95,1
3871,15,10,107566.3,0
3872,74,5,25244.1,1
3873,105,1,124046.4,1
3874,103,2,41965.7,1
3878,20,6,29944.95,0
3879,41,1,3075.0,1
3880,52,1,9720.0,1
3881,156,1,1966.05,1
3883,6,1,383.0,0
3884,160,1,4369.05,1
3885,55,1,121427.1,1
3886,173,1,2683.8,1
3887,71,1,13824.0,1
3888,118,1,7353.0,1
3890,59,2,165554.90000000002,1
3891,27,1,7296.0,0
3892,17,3,150809.95,0
3900,35,3,18291.0,1
3901,56,1,9582.9,1
3903,15,5,11915.1,0
3904,117,1,5627.8,1
3905,31,3,139874.4,1
3906,41,2,36419.85,1
3907,144,1,8980.8,1
3908,14,5,101842.5,0
3910,3,2,81456.6,0
3911,3,3,190424.15,0
3913,53,6,122675.4,1
3916,47,2,15869.699999999999,1
3917,103,2,8652.2,1
3918,8,2,20137.7,0
3920,105,1,5298.0,1
3921,105,2,39678.2,1
3922,33,1,41062.65,1
3923,77,2,36714.4,1
3924,165,1,227577.3,1
3927,16,3,15783.85,0
3928,127,1,185487.3,1
3929,101,1,2251.2,1
3930,107,1,60079.2,1
3931,52,6,185787.75,1
3933,143,1,2418.0,1
3934,160,1,2865.2,1
3935,15,2,4800.7,0
3936,12,2,10763.1,0
3937,38,2,12562.0,1
3938,2,3,145002.2,0
3941,46,1,6769.7,1
3943,135,2,6324.0,1
3945,1,5,63661.899999999994,0
3946,116,2,131654.8,1
3947,123,1,668.8,1
3949,23,8,309671.75,0
3950,59,1,9523.2,1
3952,38,3,7995.55,1
3953,94,1,34359.6,1
3954,66,2,4808.0,1
3955,22,3,15101.0,0
3957,123,2,13750.4,1
3959,50,3,6936.0,1
3961,46,2,243883.05,1
3963,19,1,702.1,0
3965,145,1,6092.8,1
3966,59,2,7233.6,1
3967,44,6,40742.4,1
3968,15,5,16398.2,0
3969,152,1,6953.6,1
3970,159,1,27846.0,1
3971,3,5,176538.6,0
3972,7,9,132949.35,0
3973,103,2,160865.9,1
3974,70,2,280035.6,1
3976,179,1,6254.4,1
3979,109,2,3240.2,1
3980,102,1,2872.8,1
3981,139,1,1362.0,1
3982,26,3,6861.85,0
3984,40,3,11328.150000000001,1
3986,24,5,212541.49999999997,0
3988,27,3,54795.9,0
3990,74,2,23252.65,1
3992,66,2,5467.2,1
3997,23,5,211271.25,0
3999,76,9,37385.7,1
4000,169,1,4108.8,1
4001,168,1,9066.1,1
4002,102,2,68502.6,1
4004,22,2,73573.0,0
4005,17,1,11734.2,0
4006,106,2,3627.25,1
4007,63,1,4473.55,1
4009,103,2,10686.6,1
4014,54,2,164480.15000000002,1
4015,93,3,103541.70000000001,1
4016,167,1,19834.2,1
4017,10,4,89916.29999999999,0
4018,99,1,4275.2,1
4019,99,1,5520.45,1
4021,120,3,76674.5,1
4022,101,1,2134.65,1
4024,64,1,2786.4,1
4026,86,4,70164.04999999999,1
4029,60,1,2373.2,1
4032,69,2,24500.35,1
4033,82,1,34953.0,1
4034,17,4,11195.8,0
4035,10,6,11907.6,0
4036,64,2,8076.8,1
4038,5,2,18055.8,0
4039,107,3,30573.55,1
4040,11,4,28559.000000000004,0
4041,107,1,3066.0,1
4042,32,8,158917.15,1
4043,96,1,15413.9,1
4046,54,2,57716.1,1
4047,20,2,8688.0,0
4048,19,6,31964.7,0
4049,71,2,12509.1,1
4052,104,1,819.9,1
4055,104,1,521.9,1
4056,75,4,19488.4,1
4058,131,2,36657.0,1
4059,67,2,18674.2,1
4060,42,3,22983.1,1
4061,136,1,44280.0,1
4062,148,1,1724.4,1
4063,166,1,2085.05,1
4065,33,9,398101.6,1
4067,68,2,1937.85,1
4068,98,3,137287.8,1
4070,47,1,3416.0,1
4071,22,2,32773.95,0
4072,22,3,31620.4,0
4073,144,1,11279.5,1
4074,102,1,8373.6,1
4075,102,1,2413.95,1
4078,105,1,12632.7,1
4079,31,2,71619.7,1
4080,96,1,1432.6,1
4081,109,1,29220.0,1
4082,3,9,220667.25,0
4083,92,1,8073.6,1
4084,8,7,181263.39999999997,0
4085,75,2,1683.3000000000002,1
4086,54,1,2944.0,1
4087,47,1,8298.9,1
4089,142,2,76437.95000000001,1
4091,13,6,70274.85,0
4092,101,4,97743.4,1
4093,57,2,4279.6,1
4096,71,1,6204.15,1
4098,164,1,779.4,1
4100,121,1,24842.1,1
4101,5,4,283771.0,0
4102,104,2,5007.8,1
4103,42,1,870.2,1
4104,83,3,10073.05,1
4105,69,1,1236.8,1
4108,8,6,23045.75,0
4109,111,1,80241.0,1
4110,83,2,3687.4,1
4111,44,4,16160.65,1
4112,16,6,258665.5,0
4113,18,3,6013.85,0
4114,35,2,20075.399999999998,1
4116,165,1,11140.65,1
4118,42,5,130184.05,1
4121,44,3,164938.69999999998,1
4122,104,1,9448.6,1
4123,166,1,2366.4,1
4126,127,1,19380.6,1
4129,4,4,12085.25,0
4130,173,1,1055.7,1
4131,103,1,2331.55,1
4134,132,1,67921.2,1
4136,167,1,3670.4,1
4137,31,7,34284.5,1
4138,105,2,50371.5,1
4141,14,7,94580.29999999999,0
4142,22,1,72930.4,0
4144,104,4,216192.0,1
4145,59,4,91397.35,1
4146,26,6,77454.9,0
4147,22,1,2442.9,0
4148,60,1,4296.6,1
4150,25,4,413189.0,0
4151,3,4,21856.0,0
4152,6,3,197756.7,0
4153,28,2,98579.8,0
4154,9,3,4010.5,0
4155,33,5,55951.2,1
4157,104,1,989.1,1
4158,20,3,9809.05,0
4159,146,1,3240.0,1
4160,62,2,8917.8,1
4161,10,3,58060.65,0
4163,134,1,1872.0,1
4164,16,1,19289.6,0
4165,71,2,7170.099999999999,1
4166,51,4,25982.7,1
4168,101,2,5961.9,1
4169,32,1,4098.0,1
4170,4,5,36653.5,0
4171,6,3,38018.0,0
4172,102,1,35763.3,1
4174,68,2,34824.45,1
4175,113,1,456.0,1
4176,102,2,13293.3,1
4177,21,2,186548.8,0
4179,105,2,3869.2,1
4180,100,1,2113.2,1
4182,20,1,4185.9,0
4183,61,4,141715.55,1
4184,169,1,5098.3,1
4187,14,5,17385.95,0
4189,36,2,15524.25,1
4191,16,4,9848.85,0
4192,114,1,41385.6,1
4194,121,1,112979.2,1
4195,48,3,28878.1,1
4197,110,3,14956.2,1
4198,74,4,43653.8,1
4199,169,1,2203.2,1
4202,72,2,16099.65,1
4203,2,6,187701.1,0
4205,140,1,43684.8,1
4206,59,2,41007.1,1
4208,104,2,101451.0,1
4210,47,5,85353.40000000001,1
4211,81,1,2718.0,1
4213,105,1,5168.0,1
4214,50,3,22066.800000000003,1
4217,149,1,10214.4,1
4219,81,2,2760.8,1
4220,59,2,5704.099999999999,1
4226,122,2,51542.1,1
4227,13,4,25033.3,0
4228,48,4,14667.8,1
4229,29,2,38476.9,0
4230,137,1,261.9,1
4232,91,2,7727.8,1
4233,78,1,61516.2,1
4234,47,3,73722.4,1
4235,9,3,6676.2,0
4236,86,1,74915.6,1
4239,150,1,68308.0,1
4240,115,1,1157.7,1
4241,95,2,4552.5,1
4242,4,7,348012.95,0
4244,149,1,5156.1,1
4245,141,1,4801.6,1
4246,34,1,4710.7,1
4247,33,8,322173.4,1
4248,106,1,1439.1,1
4249,52,2,16557.55,1
4251,24,1,4693.95,0
4252,102,2,3646.2,1
4254,61,1,3588.15,1
4258,3,6,28374.15,0
4260,11,9,173192.25,0
4261,10,1,6284.0,0
4262,29,1,5492.0,0
4265,36,2,130810.8,1
4266,69,4,12720.3,1
4268,88,2,2336.3999999999996,1
4269,11,5,126312.79999999999,0
4271,16,2,17115.55,0
4274,11,1,1980.75,0
4275,166,1,206097.0,1
4277,116,1,10371.6,1
4281,6,4,14910.15,0
4282,15,4,13343.349999999999,0
4283,25,4,238519.4,0
4285,150,1,1397.4,1
4288,103,3,18472.649999999998,1
4289,104,2,170452.8,1
4291,160,2,31200.2,1
4292,103,1,16191.0,1
4293,20,1,6126.8,0
4294,17,2,9047.0,0
4297,66,3,122935.59999999999,1
4300,29,2,6285.2,0
4301,10,2,89146.4,0
4302,46,4,79133.8,1
4303,166,1,7977.6,1
4305,2,4,36226.65,0
4306,14,3,37468.8,0
4307,7,2,53755.2,0
4308,4,1,1710.0,0
4310,116,1,7030.95,1
4311,50,2,4362.8,1
4312,15,2,37575.75,0
4313,123,1,1112.65,1
4314,104,1,143389.2,1
4316,35,2,7646.4,1
4317,103,1,114454.0,1
4318,76,1,56417.65,1
4319,176,2,61000.45,1
4321,105,2,15834.75,1
4325,69,3,141612.30000000002,1
4326,57,3,18487.4,1
4327,142,1,702.1,1
4329,102,1,10312.2,1
4330,17,1,1226.4,0
4331,13,2,7357.5,0
4332,73,3,88973.2,1
4333,19,2,8033.5,0
4335,30,6,104827.8,0
4337,154,1,164473.2,1
4338,63,3,15956.6,1
4339,103,3,91213.54999999999,1
4340,91,2,15246.0,1
4341,16,2,28607.2,0
4342,134,2,8837.1,1
4343,39,1,31443.0,1
4347,113,2,16897.9,1
4348,113,2,21031.649999999998,1
4349,69,1,1472.8,1
4351,55,6,43571.75,1
4352,42,1,10048.15,1
4353,56,2,56637.899999999994,1
4354,106,1,7557.0,1
4355,63,1,30144.45,1
4356,27,3,77939.70000000001,0
4357,59,5,79947.2,1
4358,47,2,5438.5,1
4359,15,5,30825.8,0
4360,35,4,166968.95,1
4362,138,1,3342.0,1
4363,61,1,2760.0,1
4366,50,5,19922.100000000002,1
4368,97,1,3974.4,1
4369,74,3,7512.299999999999,1
4370,1,5,199073.0,0
4372,10,1,9888.0,0
4373,49,2,9563.4,1
4375,154,1,9418.0,1
4376,50,2,94496.4,1
4377,7,3,26656.7,0
4379,47,4,55053.9,1
4380,10,3,10661.4,0
4381,141,2,6173.6,1
4383,35,6,14209.15,1
4384,170,1,35944.2,1
4386,99,1,14818.05,1
4387,14,5,17119.45,0
4390,50,1,1499.4,1
4392,88,4,23318.6,1
4393,57,2,38154.2,1
4394,33,2,8851.2,1
4396,24,2,53074.95,0
4397,78,6,90422.2,1
4399,77,1,31443.0,1
4400,109,1,13528.8,1
4402,179,1,9234.0,1
4403,59,4,42577.5,1
4404,12,5,197409.5,0
4406,63,1,30129.3,1
4407,21,4,242291.8,0
4408,5,10,195040.7,0
4409,132,1,1472.0,1
4412,158,1,5603.2,1
4413,86,1,3320.0,1
4414,30,5,114015.4,0
4415,8,1,13433.4,0
4416,11,2,10148.4,0
4420,120,2,90629.0,1
4421,36,1,7810.65,1
4422,5,2,11757.949999999999,0
4423,168,1,138684.8,1
4424,72,2,222007.5,1
4425,107,1,2850.4,1
4426,128,2,11274.400000000001,1
4428,107,1,5130.0,1
4431,8,2,72942.4,0
4433,47,3,11160.35,1
4434,130,1,8368.2,1
4435,42,1,8089.2,1
4436,81,4,13894.75,1
4437,114,2,8418.7,1
4438,133,1,8064.0,1
4441,106,2,8795.4,1
4442,17,1,1341.4,0
4444,3,3,29215.6,0
4446,49,1,19931.4,1
4447,129,1,3532.0,1
4448,9,2,54718.0,0
4449,80,1,2181.1,1
4450,53,2,48986.7,1
4451,18,5,97746.7,0
4452,56,4,27735.5,1
4453,9,1,312.0,0
4455,81,2,85804.2,1
4456,25,3,40098.850000000006,0
4457,100,1,4026.0,1
4460,6,8,524798.25,0
4463,35,4,13191.2,1
4467,26,1,7997.4,0
4468,35,2,170490.19999999998,1
4469,29,1,456.0,0
4470,29,3,105027.7,0
4471,105,1,3021.6,1
4473,133,1,2372.15,1
4475,41,4,63209.7,1
4476,65,2,2856.0,1
4477,51,1,3974.0,1
4478,26,1,8578.2,0
4480,102,1,1293.3,1
4481,132,1,80976.1,1
4482,33,3,9182.9,1
4483,56,1,2571.65,1
4487,26,4,14921.55,0
4489,38,3,67059.1,1
4490,52,3,352820.85,1
4491,110,1,1022.2,1
4492,151,1,739.5,1
4494,105,3,71124.2,1
4495,12,2,8991.15,0
4496,61,9,262631.14999999997,1
4498,11,1,3066.0,0
4499,118,2,2660.9,1
4501,57,2,72093.55,1
4502,123,2,7086.45,1
4504,104,1,48168.0,1
4505,142,2,20255.9,1
4508,53,2,28198.2,1
4509,104,2,172241.6,1
4510,130,1,12476.0,1
4511,178,1,1153.8,1
4513,175,1,1955.0,1
4516,141,1,379.1,1
4517,104,1,13581.0,1
4519,106,2,21250.3,1
4520,51,3,54659.600000000006,1
4522,47,1,1236.6,1
4523,104,1,2660.95,1
4524,33,1,7986.6,1
4525,103,2,76512.6,1
4526,116,1,26946.4,1
4527,101,5,30573.15,1
4529,103,2,15778.35,1
4530,106,2,31461.45,1
4531,107,1,5798.4,1
4532,77,2,25077.6,1
4533,145,1,2046.3,1
4534,22,6,149916.35,0
4538,71,2,2961.4,1
4542,64,3,36521.85,1
4544,8,10,540343.7,0
4545,41,3,16462.2,1
4546,98,2,21809.55,1
4547,11,1,3559.8,0
4549,178,1,7273.8,1
4551,50,2,3592.0,1
4552,24,3,9226.2,0
4553,147,1,807.5,1
4554,15,1,597.0,0
4555,89,1,477.6,1
4556,87,1,70836.0,1
4557,133,2,10240.2,1
4558,68,1,60629.4,1
4559,13,4,90602.29999999999,0
4561,18,5,20635.9,0
4564,9,3,15114.9,0
4565,7,3,11476.85,0
4568,65,3,27775.899999999998,1
4570,104,1,648.0,1
4573,127,1,1989.0,1
4575,110,1,7302.0,1
4576,47,6,113985.3,1
4577,72,2,64950.7,1
4578,102,2,5987.099999999999,1
4580,83,2,8112.0,1
4582,35,3,121487.5,1
4583,4,8,280079.95,0
4584,57,2,21139.2,1
4585,46,2,6262.1,1
4586,106,1,2434.0,1
4588,83,1,34359.6,1
4589,45,4,9750.3,1
4591,90,1,7441.6,1
4592,20,4,30566.100000000002,0
4594,13,3,121932.34999999999,0
4595,3,1,2189.7,0
4596,97,2,86574.35,1
4597,44,2,11891.5,1
4598,79,2,19742.1,1
4599,177,1,5987.2,1
4601,33,4,18979.75,1
4602,129,1,15587.2,1
4604,56,2,80897.8,1
4605,73,1,2133.6,1
4607,1,1,98185.35,0
4610,5,1,3312.45,0
4611,55,3,58439.549999999996,1
4612,18,4,10966.65,0
4613,31,3,25090.25,1
4617,129,1,21571.2,1
4618,25,4,29236.8,0
4619,121,1,1337.6,1
4620,34,1,102007.65,1
4621,103,1,7020.15,1
4622,55,2,17733.65,1
4623,47,4,62664.85,1
4625,24,3,122153.8,0
4626,85,1,3953.35,1
4627,13,1,5888.0,0
4629,105,1,1052.0,1
4631,54,4,238809.75,1
4632,45,5,306108.19999999995,1
4633,148,1,39852.0,1
4634,22,2,6627.4,0
4635,3,3,26216.6,0
4637,72,2,65563.2,1
4638,25,1,2962.25,0
4639,62,1,86678.0,1
4640,9,3,3747.8,0
4643,10,1,1764.0,0
4646,12,3,73506.0,0
4647,107,1,10576.8,1
4649,107,1,1431.4,1
4651,24,8,36718.7,0
4652,50,2,2692.0,1
4653,79,1,11688.0,1
4655,102,1,123411.2,1
4656,82,2,20979.8,1
4657,45,3,44652.4,1
4658,88,1,3404.8,1
4659,35,5,243011.4,1
4660,177,1,44679.0,1
4665,105,1,252.0,1
4667,108,1,832.0,1
4668,158,1,7070.85,1
4669,113,1,70323.0,1
4671,33,3,12788.650000000001,1
4672,96,1,6739.2,1
4673,21,5,49724.45,0
4676,25,1,1002.0,0
4677,105,1,28044.0,1
4678,136,2,9647.2,1
4679,175,1,3769.2,1
4680,66,1,2229.6,1
4684,91,1,19694.0,1
4686,29,6,103919.4,0
4687,172,1,3929.6,1
4688,25,4,100958.0,0
4689,97,2,16415.05,1
4692,12,4,36784.6,0
4693,55,1,79364.0,1
4694,79,1,18933.0,1
4695,8,4,39863.9,0
4696,133,1,7658.4,1
4698,118,1,3942.3,1
4699,97,1,11254.4,1
4700,9,9,243110.35,0
4701,113,2,97299.9,1
4707,7,4,12084.15,0
4710,53,1,130408.2,1
4712,63,1,5900.8,1
4713,119,1,21417.0,1
4714,151,1,38130.15,1
4715,60,3,13653.5,1
4716,23,2,8538.9,0
4718,25,4,47838.7,0
4719,33,4,61704.65,1
4720,30,3,88933.55,0
4725,48,2,14010.95,1
4726,103,3,17773.5,1
4727,133,2,25869.0,1
4729,43,2,151825.95,1
4730,72,4,7781.6,1
4732,1,1,542.7,0
4733,143,1,1946.4,1
4735,65,1,15324.45,1
4736,33,5,45769.6,1
4737,6,4,139470.85,0
4738,34,6,50682.25,1
4740,180,1,6667.4,1
4741,38,1,2724.0,1
4743,45,1,73652.55,1
4746,33,5,28713.850000000002,1
4747,174,1,5504.0,1
4748,65,1,57216.9,1
4749,105,1,507.45,1
4750,78,2,114214.40000000001,1
4751,100,1,957.0,1
4752,93,4,49691.25,1
4753,12,1,3273.3,0
4755,98,1,3364.0,1
4756,70,1,6849.5,1
4757,104,1,60882.65,1
4758,102,1,20179.2,1
4760,172,1,3735.0,1
4761,61,3,10960.2,1
4762,103,3,20931.899999999998,1
4763,137,1,7070.85,1
4764,170,1,118774.0,1
4765,164,1,2310.3,1
4766,87,2,17915.25,1
4767,96,2,3242.7,1
4768,101,2,11897.1,1
4770,113,2,217767.59999999998,1
4771,137,1,4245.6,1
4774,15,1,4581.5,0
4775,27,5,29880.35,0
4776,46,7,207770.6,1
4778,96,1,48168.0,1
4779,103,1,47332.0,1
4780,19,4,7197.799999999999,0
4781,7,3,9911.35,0
4782,31,2,19537.5,1
4783,113,2,229144.5,1
4784,40,3,73710.45,1
4786,67,1,1822.0,1
4787,11,4,244317.5,0
4788,80,1,19658.8,1
4790,87,1,1771.2,1
4791,120,1,2631.6,1
4792,18,1,6630.0,0
4793,49,7,43877.8,1
4794,104,1,2476.65,1
4795,104,1,18535.5,1
4796,31,5,137551.75,1
4797,148,1,6452.8,1
4798,144,1,6636.0,1
4799,52,2,9699.0,1
4800,49,2,3460.9,1
4805,24,4,82338.20000000001,0
4806,9,3,161359.65,0
4807,39,5,33539.0,1
4810,86,1,6728.6,1
4811,2,3,64604.8,0
4812,11,5,357847.0,0
4813,29,3,12286.05,0
4814,177,1,1447.2,1
4817,40,1,1140.8,1
4818,59,1,6872.25,1
4819,127,1,1289.6,1
4820,103,1,1517.4,1
4821,3,5,11609.3,0
4824,67,3,30648.05,1
4825,74,2,202496.4,1
4826,44,2,57020.200000000004,1
4827,103,1,3633.0,1
4831,22,3,24510.8,0
4833,104,3,32716.9,1
4834,12,1,241480.5,0
4835,150,1,1104.15,1
4836,14,1,513.9,0
4837,4,9,234015.9,0
4838,14,4,25395.0,0
4839,46,1,4883.4,1
4841,102,5,231989.69999999998,1
4842,11,2,184837.65,0
4843,69,3,22419.3,1
4844,44,2,259879.15000000002,1
4846,171,1,2685.0,1
4847,102,4,45737.15,1
4848,34,2,3379.6,1
4850,169,1,6466.65,1
4852,15,3,24972.5,0
4853,161,1,16742.4,1
4854,59,1,13999.2,1
4855,146,1,732.0,1
4856,80,1,4150.0,1
4858,12,4,94468.6,0
4859,83,2,10333.900000000001,1
4860,52,2,12475.8,1
4861,73,1,819.9,1
4862,102,1,4257.9,1
4863,2,7,51474.45,0
4864,13,2,215064.9,0
4865,105,2,25977.8,1
4866,83,1,7243.2,1
4867,62,2,177685.80000000002,1
4868,179,1,33552.9,1
4869,1,4,8198.55,0
4870,98,2,53218.399999999994,1
4871,70,3,132969.0,1
4872,21,4,16175.7,0
4873,106,1,10905.5,1
4877,26,1,571.0,0
4878,102,3,144840.8,1
4879,7,4,22220.699999999997,0
4880,94,1,2240.0,1
4882,168,1,560.0,1
4883,56,2,38093.25,1
4886,139,3,110664.6,1
4890,91,1,189593.4,1
4892,169,1,5460.0,1
4893,106,1,1105.2,1
4894,105,1,39086.4,1
4895,46,2,5348.2,1
4897,6,7,259483.5,0
4901,20,5,90625.6,0
4904,134,1,12504.0,1
4909,2,9,181014.2,0
4910,30,2,14787.449999999999,0
4911,21,3,133639.4,0
4912,103,1,12661.2,1
4913,104,1,2756.9,1
4915,91,2,3984.8,1
4917,107,1,180681.6,1
4920,87,2,10768.0,1
4921,140,2,23595.0,1
4923,110,1,25589.25,1
4925,60,1,482.4,1
4926,30,2,208929.44999999998,0
4927,22,1,4084.2,0
4928,62,2,3885.9,1
4929,54,1,6496.8,1
4930,40,1,2104.0,1
4932,5,7,77279.2,0
4933,110,1,22368.6,1
4934,62,5,150590.8,1
4935,75,5,28085.4,1
4939,6,1,2233.6,0
4940,67,1,7542.9,1
4941,174,1,4972.5,1
4943,30,2,10928.8,0
4944,173,1,580.0,1
4945,102,1,58770.7,1
4946,104,2,34101.5,1
4948,103,2,12786.599999999999,1
4949,24,4,35658.95,0
4950,21,6,226004.25,0
4953,125,1,133577.1,1
4955,102,1,26946.4,1
4957,103,1,3007.3,1
4959,38,2,120520.5,1
4960,41,8,237535.8,1
4961,57,2,4313.4,1
4962,8,1,20962.0,0
4964,7,2,41501.7,0
4965,49,1,67755.6,1
4967,46,2,3376.0,1
4968,116,1,19758.4,1
4969,36,3,13242.6,1
4971,75,3,27783.75,1
4972,15,3,48138.399999999994,0
4973,63,1,67895.55,1
4975,62,3,29280.6,1
4978,111,1,1625.45,1
4980,62,5,13589.7,1
4985,125,1,3137.6,1
4986,92,4,60478.35,1
4987,8,3,1978.2,0
4988,29,2,4934.25,0
4990,89,1,22734.95,1
4991,8,8,17295.800000000003,0
4993,102,1,85212.0,1
4994,40,4,14129.5,1
4995,38,7,117330.09999999999,1
4997,32,3,21038.15,1
4999,42,2,3193.5,1
5000,165,1,83850.8,1
